Date, Time, Latitude, Longitude, Altitude, Speed, Course, Type, Distance, Essential
2016/01/10, 04:21:19, -43.271465, 147.349945, 9.63,  2952.00, 149, 0, 145.64, 1
2016/01/10, 04:22:53, -43.272369, 147.351181, -4.97,  5004.00, 201, 0, 141.84, 1
2016/01/10, 04:24:35, -43.273579, 147.351700, 1.11,  2412.00, 138, 0, 140.95, 1
2016/01/10, 04:27:59, -43.273579, 147.351700, 1.11,  2412.00, 138, 0, 0.00, 1
2016/01/10, 04:29:39, -43.276859, 147.353851, 8.05,  0.00, 184, 0, 404.16, 
2016/01/10, 04:31:21, -43.277958, 147.354034, -48.24,  2088.00, 0, 0, 123.10, 1
2016/01/10, 04:32:55, -43.279072, 147.354889, 0.36,  1224.00, 333, 0, 141.90, 1
2016/01/10, 04:36:20, -43.279072, 147.354889, 0.36,  1224.00, 333, 0, 0.00, 1
2016/01/10, 04:38:01, -43.282761, 147.357330, 10.31,  6120.00, 112, 0, 455.31, 1
2016/01/10, 04:39:44, -43.283909, 147.357330, -19.39,  0.00, 0, 0, 127.65, 1
2016/01/10, 04:41:26, -43.283909, 147.357330, -19.39,  0.00, 0, 0, 0.00, 
2016/01/10, 04:42:59, -43.286213, 147.359253, 30.08,  720.00, 318, 0, 299.77, 1
2016/01/10, 04:44:41, -43.286919, 147.360413, 8.17,  4068.00, 68, 0, 122.39, 1
2016/01/10, 04:46:14, -43.288349, 147.360596, -2.87,  3744.00, 177, 0, 159.70, 1
2016/01/10, 04:47:55, -43.288349, 147.360596, -2.87,  3744.00, 177, 0, 0.00, 1
2016/01/10, 04:50:15, -43.291206, 147.361191, -13.31,  2808.00, 128, 0, 321.31, 
2016/01/10, 04:52:23, -43.291206, 147.361191, -13.31,  2808.00, 128, 0, 0.00, 1
2016/01/10, 04:54:54, -43.294163, 147.362366, -25.88,  1584.00, 161, 0, 342.28, 1
2016/01/10, 04:56:54, -43.294842, 147.362762, -17.99,  1836.00, 184, 0, 82.02, 1
2016/01/10, 08:04:10, -43.294842, 147.362762, -17.99,  1836.00, 184, 0, 0.00, 
2016/01/10, 08:06:04, -43.411701, 147.471191, 2.40,  1944.00, 150, 0, 15675.00, 
2016/01/10, 08:07:37, -43.411686, 147.471436, 1.94,  0.00, 358, 0, 19.86, 1
2016/01/10, 08:09:10, -43.411671, 147.471573, 5.13,  0.00, 359, 0, 11.19, 
2016/01/10, 08:10:43, -43.411636, 147.471741, 3.50,  0.00, 0, 0, 14.12, 
2016/01/10, 08:12:16, -43.411629, 147.472015, 5.23,  0.00, 0, 0, 22.15, 
2016/01/10, 08:13:48, -43.411674, 147.472229, 5.24,  1800.00, 188, 0, 18.00, 1
2016/01/10, 08:15:21, -43.411705, 147.472473, 4.34,  0.00, 104, 0, 20.01, 1
2016/01/10, 08:16:54, -43.411808, 147.472733, 6.59,  0.00, 0, 0, 23.92, 
2016/01/10, 08:18:26, -43.411938, 147.472992, 0.79,  0.00, 172, 0, 25.43, 
2016/01/10, 08:19:59, -43.412006, 147.473251, 2.15,  0.00, 104, 0, 22.25, 
2016/01/10, 08:21:33, -43.412033, 147.473526, 5.54,  0.00, 147, 0, 22.42, 
2016/01/10, 08:23:06, -43.412018, 147.473709, 3.13,  0.00, 358, 0, 14.88, 
2016/01/10, 08:24:39, -43.412037, 147.473862, 6.92,  0.00, 0, 0, 12.54, 
2016/01/10, 08:26:12, -43.411972, 147.473969, 7.82,  0.00, 0, 0, 11.27, 
2016/01/10, 08:27:45, -43.411911, 147.474060, 1.38,  0.00, 0, 0, 10.00, 
2016/01/10, 08:29:19, -43.411869, 147.474152, 3.57,  0.00, 0, 0, 8.78, 
2016/01/10, 08:30:53, -43.411770, 147.474228, 9.13,  0.00, 0, 0, 12.60, 
2016/01/10, 08:32:27, -43.411736, 147.474335, 3.74,  0.00, 0, 0, 9.43, 
2016/01/10, 08:34:01, -43.411755, 147.474442, 3.21,  0.00, 0, 0, 8.90, 
2016/01/10, 08:35:36, -43.411781, 147.474579, 2.73,  0.00, 231, 0, 11.44, 
2016/01/10, 08:37:10, -43.411846, 147.474701, 8.03,  0.00, 181, 0, 12.22, 
2016/01/10, 08:38:44, -43.412155, 147.474731, 5.97,  0.00, 0, 0, 34.44, 
2016/01/10, 08:40:17, -43.412525, 147.474762, 3.56,  0.00, 270, 0, 41.22, 
2016/01/10, 08:41:50, -43.412506, 147.475052, 3.80,  0.00, 0, 0, 23.52, 
2016/01/10, 08:43:23, -43.412624, 147.475220, 2.43,  0.00, 0, 0, 18.88, 
2016/01/10, 08:44:56, -43.412575, 147.475342, 7.75,  0.00, 0, 0, 11.26, 
2016/01/10, 08:46:30, -43.412510, 147.475418, 1.44,  0.00, 0, 0, 9.48, 
2016/01/10, 08:48:03, -43.412582, 147.475510, 8.10,  0.00, 0, 0, 10.92, 
2016/01/10, 08:49:37, -43.412777, 147.475571, 0.02,  0.00, 113, 0, 22.24, 
2016/01/10, 08:51:10, -43.412937, 147.475693, 3.94,  0.00, 0, 0, 20.34, 
2016/01/10, 08:52:43, -43.413052, 147.475861, 4.29,  0.00, 191, 0, 18.65, 
2016/01/10, 08:54:16, -43.413261, 147.476028, 5.77,  0.00, 0, 0, 26.87, 
2016/01/10, 08:57:38, -43.413261, 147.476028, 5.77,  0.00, 0, 0, 0.00, 
2016/01/10, 08:59:19, -43.413963, 147.475571, 8.65,  6408.00, 224, 0, 86.35, 
2016/01/10, 09:01:00, -43.413769, 147.475601, -78.81,  2592.00, 112, 0, 21.71, 
2016/01/10, 09:02:33, -43.413525, 147.475754, 9.15,  0.00, 272, 0, 29.81, 
2016/01/10, 09:04:06, -43.413406, 147.476013, 0.84,  0.00, 0, 0, 24.75, 
2016/01/10, 09:05:38, -43.413673, 147.476364, 1.97,  0.00, 151, 0, 41.05, 
2016/01/10, 09:07:11, -43.414024, 147.476639, 2.35,  0.00, 181, 0, 44.91, 
2016/01/10, 09:08:44, -43.413879, 147.476685, 3.81,  0.00, 0, 0, 16.55, 
2016/01/10, 09:10:17, -43.413918, 147.476715, 0.37,  0.00, 0, 0, 4.97, 
2016/01/10, 09:11:50, -43.413963, 147.476410, 2.86,  0.00, 0, 0, 25.14, 
2016/01/10, 09:13:23, -43.414139, 147.476440, 1.03,  0.00, 0, 0, 19.72, 
2016/01/10, 09:14:57, -43.414192, 147.476593, 2.49,  0.00, 231, 0, 13.69, 
2016/01/10, 09:16:31, -43.414421, 147.476898, 1.94,  0.00, 50, 0, 35.43, 
2016/01/10, 09:18:04, -43.414528, 147.476852, 5.92,  0.00, 1, 0, 12.46, 
2016/01/10, 09:19:37, -43.414711, 147.476959, 4.85,  0.00, 0, 0, 22.11, 
2016/01/10, 09:21:11, -43.414818, 147.477234, 1.91,  1800.00, 166, 0, 25.20, 1
2016/01/10, 09:22:45, -43.414791, 147.477722, 2.94,  0.00, 83, 0, 39.53, 1
2016/01/10, 09:24:19, -43.414635, 147.478516, 7.85,  0.00, 62, 0, 66.44, 
2016/01/10, 09:25:53, -43.414665, 147.478668, 4.34,  3060.00, 181, 0, 12.72, 
2016/01/10, 09:27:27, -43.414867, 147.478653, 8.99,  0.00, 0, 0, 22.49, 
2016/01/10, 09:29:01, -43.415073, 147.478912, 0.68,  0.00, 48, 0, 31.02, 
2016/01/10, 09:30:35, -43.415245, 147.479324, 9.59,  0.00, 84, 0, 38.38, 
2016/01/10, 09:32:09, -43.415440, 147.479477, 3.66,  0.00, 350, 0, 24.96, 
2016/01/10, 09:33:44, -43.415653, 147.479645, 4.35,  0.00, 199, 0, 27.30, 
2016/01/10, 09:35:19, -43.415829, 147.479630, 1.32,  0.00, 0, 0, 19.61, 
2016/01/10, 09:36:54, -43.415775, 147.479645, 6.09,  0.00, 56, 0, 6.13, 
2016/01/10, 09:38:28, -43.415730, 147.479645, 3.03,  0.00, 10, 0, 5.00, 
2016/01/10, 09:40:02, -43.415810, 147.479706, 2.81,  792.00, 38, 0, 10.17, 1
2016/01/10, 09:41:37, -43.415810, 147.479736, 3.55,  2736.00, 147, 0, 2.42, 1
2016/01/10, 09:43:11, -43.415863, 147.479706, 5.91,  0.00, 203, 0, 6.37, 
2016/01/10, 09:44:45, -43.415882, 147.479797, -0.90,  828.00, 191, 0, 7.65, 
2016/01/10, 09:46:19, -43.415848, 147.479996, 9.79,  972.00, 61, 0, 16.51, 
2016/01/10, 09:47:54, -43.415871, 147.480057, 4.07,  0.00, 136, 0, 5.55, 
2016/01/10, 09:49:29, -43.415867, 147.480301, 7.37,  2520.00, 3, 0, 19.71, 
2016/01/10, 09:51:03, -43.415955, 147.480606, 12.21,  1764.00, 161, 0, 26.51, 1
2016/01/10, 09:52:37, -43.416119, 147.480759, 2.51,  468.00, 140, 0, 22.03, 1
2016/01/10, 09:54:11, -43.416336, 147.480835, 3.46,  828.00, 241, 0, 24.90, 
2016/01/10, 09:55:45, -43.416523, 147.480957, 3.04,  468.00, 165, 0, 23.01, 
2016/01/10, 09:57:19, -43.416710, 147.481049, 6.65,  1980.00, 237, 0, 22.08, 1
2016/01/10, 09:58:54, -43.416920, 147.481201, 4.42,  1404.00, 193, 0, 26.38, 1
2016/01/10, 10:00:28, -43.417217, 147.481262, 4.50,  2304.00, 138, 0, 33.39, 
2016/01/10, 10:02:01, -43.417488, 147.481552, 1.00,  0.00, 78, 0, 38.17, 
2016/01/10, 10:03:36, -43.417736, 147.481842, -1.60,  1512.00, 36, 0, 36.18, 1
2016/01/10, 10:05:10, -43.418034, 147.482285, 8.01,  1116.00, 155, 0, 48.77, 1
2016/01/10, 10:06:44, -43.418289, 147.482620, 1.60,  0.00, 109, 0, 39.19, 
2016/01/10, 10:08:18, -43.418869, 147.483505, 1.77,  2592.00, 161, 0, 96.27, 1
2016/01/10, 10:10:04, -43.419037, 147.484680, 0.49,  0.00, 35, 0, 96.72, 1
2016/01/10, 10:11:46, -43.419037, 147.484680, 0.49,  0.00, 35, 0, 0.00, 
2016/01/10, 10:13:32, -43.419670, 147.484528, 6.29,  576.00, 269, 0, 71.45, 1
2016/01/10, 10:15:19, -43.420219, 147.484573, 2.40,  1512.00, 251, 0, 61.15, 1
2016/01/10, 10:17:07, -43.420753, 147.485229, 7.05,  1440.00, 154, 0, 79.58, 1
2016/01/10, 10:18:58, -43.420921, 147.485260, 1.96,  1692.00, 279, 0, 18.85, 1
2016/01/10, 10:20:54, -43.421192, 147.485184, 3.60,  828.00, 138, 0, 30.75, 
2016/01/10, 10:22:58, -43.421238, 147.485062, 3.59,  936.00, 59, 0, 11.10, 
2016/01/10, 10:25:08, -43.421284, 147.484955, 0.45,  1188.00, 310, 0, 10.04, 
2016/01/10, 10:27:23, -43.421505, 147.485062, 8.13,  684.00, 155, 0, 26.05, 1
2016/01/10, 10:29:46, -43.421719, 147.485031, 4.97,  972.00, 230, 0, 23.93, 1
2016/01/10, 10:32:21, -43.422615, 147.484787, 5.38,  3132.00, 198, 0, 101.56, 1
2016/01/10, 10:35:06, -43.423485, 147.485275, 3.03,  1764.00, 165, 0, 104.46, 1
2016/01/10, 10:38:02, -43.424309, 147.485367, 4.13,  1692.00, 195, 0, 91.93, 1
2016/01/10, 10:41:00, -43.425106, 147.485336, 5.61,  2664.00, 156, 0, 88.66, 1
2016/01/10, 10:43:45, -43.425571, 147.487137, 15.11,  4212.00, 109, 0, 154.36, 1
2016/01/10, 10:46:33, -43.425571, 147.487640, 4.62,  1728.00, 135, 0, 40.62, 1
2016/01/10, 10:49:08, -43.425667, 147.487656, 3.53,  0.00, 0, 0, 10.75, 
2016/01/10, 10:50:42, -43.425709, 147.487656, 7.83,  0.00, 0, 0, 4.67, 
2016/01/10, 10:52:15, -43.425728, 147.487640, -16.47,  1584.00, 55, 0, 2.48, 
2016/01/10, 10:53:49, -43.425812, 147.487564, 9.97,  2376.00, 108, 0, 11.18, 
2016/01/10, 10:55:23, -43.425838, 147.487488, 8.37,  0.00, 0, 0, 6.78, 
2016/01/10, 10:56:57, -43.425854, 147.487335, 1.82,  648.00, 180, 0, 12.48, 
2016/01/10, 10:58:31, -43.425915, 147.487274, 2.81,  720.00, 135, 0, 8.38, 
2016/01/10, 11:00:06, -43.425976, 147.487137, 6.33,  0.00, 0, 0, 12.98, 
2016/01/10, 11:01:41, -43.426033, 147.487061, 1.13,  0.00, 199, 0, 8.82, 
2016/01/10, 11:03:17, -43.426037, 147.487015, 9.98,  0.00, 351, 0, 3.74, 
2016/01/10, 11:04:51, -43.426056, 147.486938, 0.98,  0.00, 144, 0, 6.57, 
2016/01/10, 11:06:25, -43.426067, 147.486877, 3.93,  0.00, 0, 0, 5.08, 
2016/01/10, 11:07:59, -43.426098, 147.486862, 7.41,  2088.00, 156, 0, 3.65, 1
2016/01/10, 11:09:33, -43.426144, 147.486816, 2.18,  0.00, 184, 0, 6.32, 1
2016/01/10, 11:11:07, -43.426144, 147.486755, 3.34,  0.00, 351, 0, 4.93, 
2016/01/10, 11:12:43, -43.426090, 147.486618, -3.17,  0.00, 265, 0, 12.59, 
2016/01/10, 11:14:19, -43.426113, 147.486542, 3.95,  0.00, 182, 0, 6.65, 
2016/01/10, 11:15:54, -43.426155, 147.486404, 2.66,  1512.00, 174, 0, 12.08, 
2016/01/10, 11:17:28, -43.426140, 147.486389, -6.56,  0.00, 0, 0, 2.06, 
2016/01/10, 11:19:03, -43.426186, 147.486221, 9.43,  0.00, 179, 0, 14.50, 
2016/01/10, 11:20:37, -43.426182, 147.486176, 3.05,  0.00, 0, 0, 3.66, 
2016/01/10, 11:22:10, -43.426289, 147.486053, 14.51,  1800.00, 147, 0, 15.50, 1
2016/01/10, 11:23:45, -43.426315, 147.486008, 2.55,  0.00, 240, 0, 4.64, 1
2016/01/10, 11:25:19, -43.426369, 147.485977, 7.30,  0.00, 183, 0, 6.51, 
2016/01/10, 11:26:53, -43.426346, 147.485947, 8.68,  972.00, 45, 0, 3.52, 
2016/01/10, 11:28:27, -43.426327, 147.485825, -11.97,  0.00, 192, 0, 10.08, 
2016/01/10, 11:30:02, -43.426342, 147.485733, -2.02,  1008.00, 23, 0, 7.61, 
2016/01/10, 11:31:36, -43.426319, 147.485550, 1.52,  0.00, 0, 0, 15.00, 
2016/01/10, 11:33:09, -43.426342, 147.485413, -6.64,  1008.00, 279, 0, 11.36, 
2016/01/10, 11:34:42, -43.426453, 147.485336, -3.16,  1008.00, 41, 0, 13.82, 1
2016/01/10, 11:36:17, -43.426392, 147.485123, 1.56,  216.00, 342, 0, 18.49, 1
2016/01/10, 11:37:50, -43.426517, 147.485016, 0.81,  2088.00, 32, 0, 16.37, 
2016/01/10, 11:39:24, -43.426666, 147.484833, 3.68,  0.00, 5, 0, 22.20, 
2016/01/10, 11:40:59, -43.426765, 147.484650, 6.06,  0.00, 202, 0, 18.43, 
2016/01/10, 11:42:34, -43.426964, 147.484573, 4.67,  0.00, 245, 0, 22.98, 
2016/01/10, 11:44:07, -43.427147, 147.484390, 11.61,  5220.00, 74, 0, 25.15, 1
2016/01/10, 11:45:42, -43.427330, 147.484390, -4.10,  0.00, 123, 0, 20.35, 1
2016/01/10, 11:47:16, -43.427525, 147.484863, 2.55,  0.00, 129, 0, 43.92, 
2016/01/10, 11:48:49, -43.427673, 147.484924, 6.18,  0.00, 0, 0, 17.18, 
2016/01/10, 11:50:23, -43.428234, 147.485565, 3.46,  1872.00, 170, 0, 81.06, 1
2016/01/10, 11:51:56, -43.428997, 147.485565, 3.97,  0.00, 0, 0, 84.84, 1
2016/01/10, 11:53:34, -43.429329, 147.485611, -0.80,  0.00, 93, 0, 37.10, 
2016/01/10, 11:55:08, -43.430038, 147.486298, 3.55,  4428.00, 150, 0, 96.40, 1
2016/01/10, 11:56:48, -43.430809, 147.487091, 4.17,  3348.00, 82, 0, 107.01, 1
2016/01/10, 11:58:28, -43.431408, 147.487976, 4.63,  2340.00, 106, 0, 97.69, 1
2016/01/10, 12:00:09, -43.431408, 147.487976, 4.63,  2340.00, 106, 0, 0.00, 1
2016/01/10, 12:01:53, -43.432827, 147.489319, 13.82,  4212.00, 140, 0, 191.46, 
2016/01/10, 12:05:15, -43.432827, 147.489319, 13.82,  4212.00, 140, 0, 0.00, 1
2016/01/10, 12:06:49, -43.435005, 147.491272, 3.35,  2232.00, 100, 0, 289.00, 1
2016/01/10, 12:08:22, -43.434837, 147.491882, 4.19,  0.00, 186, 0, 52.68, 1
2016/01/10, 12:13:26, -43.434837, 147.491882, 4.19,  0.00, 186, 0, 0.00, 
2016/01/10, 12:15:00, -43.436077, 147.493088, 2.94,  1044.00, 47, 0, 168.80, 
2016/01/10, 12:16:45, -43.435928, 147.493195, 3.28,  0.00, 335, 0, 18.69, 
2016/01/10, 12:18:18, -43.436344, 147.492950, 5.61,  0.00, 0, 0, 50.31, 
2016/01/10, 12:19:51, -43.436581, 147.492874, 1.50,  0.00, 131, 0, 27.06, 
2016/01/10, 12:21:25, -43.436852, 147.492691, -1.59,  0.00, 195, 0, 33.56, 
2016/01/10, 12:22:58, -43.437065, 147.492767, 7.33,  0.00, 55, 0, 24.47, 
2016/01/10, 12:24:32, -43.437283, 147.492706, 3.20,  1656.00, 330, 0, 24.74, 1
2016/01/10, 12:26:06, -43.437519, 147.492691, 3.54,  1080.00, 190, 0, 26.27, 1
2016/01/10, 12:27:40, -43.437828, 147.492722, 2.73,  3096.00, 204, 0, 34.45, 
2016/01/10, 12:29:14, -43.438061, 147.492889, 5.86,  288.00, 110, 0, 29.21, 1
2016/01/10, 12:30:48, -43.438286, 147.492783, 2.09,  1548.00, 122, 0, 26.44, 1
2016/01/10, 12:32:22, -43.438534, 147.492874, 6.13,  828.00, 156, 0, 28.54, 
2016/01/10, 12:33:56, -43.438854, 147.492935, 6.36,  0.00, 0, 0, 35.92, 
2016/01/10, 12:35:31, -43.439194, 147.492920, -1.42,  1620.00, 185, 0, 37.83, 1
2016/01/10, 12:37:06, -43.439415, 147.492905, 3.33,  2844.00, 234, 0, 24.60, 1
2016/01/10, 12:38:42, -43.439743, 147.492828, 5.54,  2412.00, 190, 0, 37.00, 
2016/01/10, 12:40:18, -43.440052, 147.492767, 2.54,  216.00, 349, 0, 34.71, 1
2016/01/10, 12:41:54, -43.440346, 147.492706, -0.13,  0.00, 13, 0, 33.06, 1
2016/01/10, 12:43:30, -43.440571, 147.492752, 5.87,  2052.00, 99, 0, 25.29, 
2016/01/10, 12:45:07, -43.440807, 147.492752, 5.71,  2232.00, 165, 0, 26.24, 1
2016/01/10, 12:46:42, -43.441074, 147.492691, 5.89,  2124.00, 7, 0, 30.09, 1
2016/01/10, 12:48:18, -43.441250, 147.492661, 4.34,  4968.00, 209, 0, 19.72, 
2016/01/10, 12:49:53, -43.441448, 147.492538, 8.45,  504.00, 190, 0, 24.15, 
2016/01/10, 12:51:28, -43.441769, 147.492508, 2.09,  504.00, 181, 0, 35.78, 1
2016/01/10, 12:53:03, -43.442005, 147.492523, 6.10,  4176.00, 98, 0, 26.27, 1
2016/01/10, 12:54:38, -43.442291, 147.492508, 3.04,  3600.00, 146, 0, 31.82, 
2016/01/10, 12:56:13, -43.442524, 147.492416, 2.80,  972.00, 215, 0, 26.95, 1
2016/01/10, 12:57:48, -43.442837, 147.492294, 1.80,  1980.00, 99, 0, 36.17, 1
2016/01/10, 12:59:23, -43.443226, 147.492233, -1.38,  576.00, 194, 0, 43.53, 
2016/01/10, 13:01:33, -43.443630, 147.492096, 3.33,  2592.00, 180, 0, 46.26, 1
2016/01/10, 13:03:08, -43.443970, 147.492004, -0.01,  0.00, 208, 0, 38.53, 1
2016/01/10, 13:04:43, -43.444279, 147.491959, 1.43,  0.00, 0, 0, 34.55, 
2016/01/10, 13:06:18, -43.444633, 147.491898, -3.02,  0.00, 157, 0, 39.67, 
2016/01/10, 13:07:53, -43.444920, 147.491776, 6.74,  0.00, 199, 0, 33.40, 
2016/01/10, 13:09:28, -43.445251, 147.491684, 2.47,  2484.00, 175, 0, 37.55, 1
2016/01/10, 13:11:03, -43.445602, 147.491653, 4.51,  0.00, 115, 0, 39.11, 1
2016/01/10, 13:12:38, -43.445961, 147.491547, 1.72,  0.00, 0, 0, 40.83, 
2016/01/10, 13:14:14, -43.446255, 147.491394, 1.98,  0.00, 200, 0, 34.95, 
2016/01/10, 13:15:49, -43.446556, 147.491211, 4.63,  0.00, 177, 0, 36.59, 
2016/01/10, 13:17:24, -43.446968, 147.491119, 0.13,  4104.00, 196, 0, 46.41, 1
2016/01/10, 13:18:58, -43.447155, 147.490829, 2.96,  3492.00, 231, 0, 31.31, 1
2016/01/10, 13:20:33, -43.447186, 147.490707, 6.08,  0.00, 186, 0, 10.43, 
2016/01/10, 13:22:08, -43.447189, 147.490982, 7.79,  0.00, 61, 0, 22.20, 
2016/01/10, 13:23:49, -43.447517, 147.491577, -12.82,  1476.00, 226, 0, 60.31, 
2016/01/10, 13:28:54, -43.447517, 147.491577, -12.82,  1476.00, 226, 0, 0.00, 1
2016/01/10, 13:30:32, -43.448631, 147.495621, 9.09,  0.00, 143, 0, 349.17, 1
2016/01/10, 13:32:05, -43.448734, 147.496552, -3.17,  0.00, 0, 0, 76.02, 
2016/01/10, 13:33:38, -43.449085, 147.497757, -1.38,  0.00, 126, 0, 104.81, 
2016/01/10, 13:35:15, -43.449257, 147.498932, 0.18,  3888.00, 92, 0, 96.76, 
2016/01/10, 13:38:38, -43.449257, 147.498932, 0.18,  3888.00, 92, 0, 0.00, 1
2016/01/10, 13:40:11, -43.449566, 147.500534, -9.58,  0.00, 198, 0, 133.81, 1
2016/01/10, 13:41:45, -43.449764, 147.500809, -0.47,  0.00, 320, 0, 31.27, 
2016/01/10, 13:43:19, -43.449615, 147.501450, -6.03,  0.00, 0, 0, 54.33, 
2016/01/10, 13:44:54, -43.449986, 147.501709, 2.34,  2988.00, 184, 0, 46.25, 
2016/01/10, 13:46:35, -43.449986, 147.501709, 2.34,  2988.00, 184, 0, 0.00, 1
2016/01/10, 13:48:16, -43.450459, 147.502426, 0.42,  2700.00, 20, 0, 78.21, 1
2016/01/10, 13:49:55, -43.450245, 147.502472, -2.04,  1656.00, 231, 0, 24.08, 1
2016/01/10, 13:51:29, -43.450321, 147.501968, 0.19,  2160.00, 169, 0, 41.55, 
2016/01/10, 13:53:03, -43.450714, 147.501953, 2.47,  2556.00, 175, 0, 43.72, 1
2016/01/10, 13:54:36, -43.451050, 147.501892, 3.32,  2376.00, 206, 0, 37.68, 1
2016/01/10, 13:56:11, -43.451366, 147.501907, 1.37,  1188.00, 352, 0, 35.16, 
2016/01/10, 13:57:44, -43.451878, 147.501770, 7.49,  0.00, 211, 0, 58.00, 
2016/01/10, 13:59:17, -43.452908, 147.502274, -3.10,  0.00, 161, 0, 121.54, 
2016/01/10, 14:00:52, -43.453506, 147.503052, -3.50,  0.00, 180, 0, 91.46, 
2016/01/10, 14:02:25, -43.454514, 147.503281, 4.96,  3960.00, 172, 0, 113.60, 1
2016/01/10, 14:03:58, -43.455727, 147.503510, 0.64,  5076.00, 198, 0, 136.14, 1
2016/01/10, 14:05:42, -43.456898, 147.503479, 9.99,  0.00, 109, 0, 130.23, 1
2016/01/10, 14:09:04, -43.456898, 147.503479, 9.99,  0.00, 109, 0, 0.00, 
2016/01/10, 14:10:43, -43.460300, 147.503006, 1.35,  0.00, 0, 0, 380.21, 
2016/01/10, 14:12:24, -43.460300, 147.503006, 1.35,  0.00, 0, 0, 0.00, 
2016/01/10, 14:13:59, -43.462990, 147.502747, -59.38,  31464.00, 184, 0, 299.84, 1
2016/01/10, 14:15:32, -43.464134, 147.502228, -6.15,  0.00, 103, 0, 133.93, 1
2016/01/10, 14:17:13, -43.464134, 147.502228, -6.15,  0.00, 103, 0, 0.00, 
2016/01/10, 14:18:48, -43.466221, 147.501373, -19.72,  3636.00, 206, 0, 242.11, 1
2016/01/10, 14:20:22, -43.467049, 147.501160, -11.40,  0.00, 172, 0, 93.66, 1
2016/01/10, 14:21:57, -43.467842, 147.500961, 5.13,  2556.00, 177, 0, 89.63, 
2016/01/10, 14:23:39, -43.467842, 147.500961, 5.13,  2556.00, 177, 0, 0.00, 1
2016/01/10, 14:25:12, -43.469654, 147.499405, -0.79,  4572.00, 233, 0, 237.41, 1
2016/01/10, 14:28:35, -43.469654, 147.499405, -0.79,  4572.00, 233, 0, 0.00, 1
2016/01/10, 14:30:19, -43.472782, 147.498978, 5.24,  2880.00, 189, 0, 349.52, 1
2016/01/10, 14:31:52, -43.473766, 147.499191, 4.48,  4680.00, 195, 0, 110.76, 1
2016/01/10, 14:33:33, -43.474953, 147.498734, 17.87,  6372.00, 107, 0, 137.04, 1
2016/01/10, 14:36:55, -43.474953, 147.498734, 17.87,  6372.00, 107, 0, 0.00, 1
2016/01/10, 14:38:29, -43.478836, 147.496933, 2.24,  2772.00, 187, 0, 455.57, 1
2016/01/10, 14:40:03, -43.479706, 147.497025, 4.44,  0.00, 115, 0, 97.02, 1
2016/01/10, 14:41:36, -43.480488, 147.496155, 4.04,  2376.00, 168, 0, 111.75, 1
2016/01/10, 14:43:10, -43.481293, 147.495834, 3.50,  3420.00, 166, 0, 93.18, 1
2016/01/10, 14:44:44, -43.482433, 147.496033, 8.65,  0.00, 171, 0, 127.77, 1
2016/01/10, 14:46:17, -43.483448, 147.496399, -1.15,  6624.00, 167, 0, 116.66, 
2016/01/10, 14:49:39, -43.483448, 147.496399, -1.15,  6624.00, 167, 0, 0.00, 1
2016/01/10, 14:51:13, -43.486320, 147.497192, 7.84,  360.00, 33, 0, 325.70, 1
2016/01/10, 14:52:54, -43.486320, 147.497192, 7.84,  360.00, 33, 0, 0.00, 1
2016/01/10, 14:54:27, -43.488960, 147.496796, -4.07,  6444.00, 191, 0, 295.29, 
2016/01/10, 14:57:51, -43.488960, 147.496796, -4.07,  6444.00, 191, 0, 0.00, 1
2016/01/10, 14:59:25, -43.493378, 147.496735, 2.83,  1980.00, 178, 0, 491.28, 1
2016/01/10, 15:07:51, -43.493378, 147.496735, 2.83,  1980.00, 178, 0, 0.00, 1
2016/01/10, 15:09:31, -43.504868, 147.494736, -33.66,  16416.00, 210, 0, 1287.76, 
2016/01/10, 15:12:54, -43.504868, 147.494736, -33.66,  16416.00, 210, 0, 0.00, 1
2016/01/10, 15:14:37, -43.509674, 147.493591, -15.59,  2016.00, 44, 0, 542.32, 1
2016/01/10, 15:43:15, -43.509674, 147.493591, -15.59,  2016.00, 44, 0, 0.00, 
2016/01/10, 15:45:22, -43.538677, 147.482666, 0.66,  4068.00, 205, 0, 3343.11, 1
2016/01/10, 15:46:57, -43.539223, 147.482224, 2.07,  0.00, 202, 0, 70.39, 1
2016/01/10, 15:48:31, -43.539631, 147.481888, 3.08,  0.00, 126, 0, 52.84, 
2016/01/10, 15:50:06, -43.539944, 147.481506, 20.66,  0.00, 55, 0, 46.47, 
2016/01/10, 15:51:40, -43.540451, 147.481247, -0.37,  0.00, 276, 0, 60.12, 
2016/01/10, 15:53:13, -43.540771, 147.480835, 0.96,  0.00, 0, 0, 48.67, 
2016/01/10, 15:54:46, -43.541103, 147.480469, -2.20,  4032.00, 230, 0, 47.26, 1
2016/01/10, 15:56:19, -43.541424, 147.480057, 0.44,  0.00, 243, 0, 48.75, 1
2016/01/10, 15:57:52, -43.541893, 147.479584, -2.92,  0.00, 256, 0, 64.60, 
2016/01/10, 15:59:25, -43.542175, 147.479279, -8.65,  0.00, 249, 0, 39.84, 
2016/01/10, 16:00:58, -43.542545, 147.479004, 8.79,  0.00, 227, 0, 46.73, 
2016/01/10, 16:02:32, -43.542915, 147.478790, 1.46,  0.00, 176, 0, 44.61, 
2016/01/10, 16:04:06, -43.543304, 147.478424, 2.64,  0.00, 221, 0, 52.36, 
2016/01/10, 16:05:40, -43.543674, 147.478180, 2.02,  0.00, 0, 0, 45.60, 
2016/01/10, 16:07:14, -43.544029, 147.477966, -1.38,  4860.00, 215, 0, 43.08, 1
2016/01/10, 16:08:49, -43.544369, 147.477692, -0.98,  0.00, 48, 0, 43.78, 1
2016/01/10, 16:10:24, -43.544678, 147.477478, 1.73,  0.00, 236, 0, 38.45, 
2016/01/10, 16:11:59, -43.545002, 147.477264, 3.19,  0.00, 42, 0, 39.94, 
2016/01/10, 16:13:34, -43.545341, 147.477036, 3.65,  2016.00, 201, 0, 41.94, 1
2016/01/10, 16:15:09, -43.545647, 147.476837, -0.08,  0.00, 109, 0, 37.62, 1
2016/01/10, 16:16:44, -43.545906, 147.476578, -0.61,  0.00, 180, 0, 35.57, 
2016/01/10, 16:18:19, -43.546165, 147.476456, 1.21,  0.00, 247, 0, 30.43, 
2016/01/10, 16:19:54, -43.546398, 147.476242, 0.75,  0.00, 153, 0, 31.12, 
2016/01/10, 16:21:30, -43.546635, 147.475998, 2.03,  0.00, 304, 0, 32.88, 
2016/01/10, 16:23:05, -43.546844, 147.475769, 3.98,  0.00, 210, 0, 29.68, 
2016/01/10, 16:24:41, -43.547066, 147.475540, 4.04,  2700.00, 174, 0, 30.82, 1
2016/01/10, 16:26:15, -43.547249, 147.475342, -1.95,  0.00, 0, 0, 25.86, 1
2016/01/10, 16:27:51, -43.547459, 147.475189, 0.61,  0.00, 327, 0, 26.41, 
2016/01/10, 16:29:25, -43.547581, 147.474991, 4.95,  0.00, 0, 0, 20.94, 
2016/01/10, 16:30:59, -43.547733, 147.474838, 9.77,  1944.00, 23, 0, 20.92, 1
2016/01/10, 16:32:34, -43.547825, 147.474747, 9.69,  0.00, 242, 0, 12.59, 1
2016/01/10, 16:34:10, -43.547977, 147.474640, 6.47,  2304.00, 89, 0, 18.97, 
2016/01/10, 16:35:44, -43.548119, 147.474457, -6.92,  792.00, 159, 0, 21.61, 
2016/01/10, 16:37:19, -43.548206, 147.474304, -4.90,  0.00, 149, 0, 15.67, 
2016/01/10, 16:38:55, -43.548405, 147.474136, -4.43,  3312.00, 289, 0, 25.94, 1
2016/01/10, 16:40:31, -43.548561, 147.474060, 2.02,  0.00, 286, 0, 18.40, 1
2016/01/10, 16:42:08, -43.548683, 147.473938, 3.25,  3420.00, 189, 0, 16.75, 
2016/01/10, 16:43:44, -43.548809, 147.473877, 12.49,  1368.00, 26, 0, 14.85, 
2016/01/10, 16:45:19, -43.548862, 147.473709, 6.91,  1152.00, 106, 0, 14.77, 
2016/01/10, 16:46:54, -43.548935, 147.473602, 9.20,  2124.00, 152, 0, 11.84, 1
2016/01/10, 16:48:29, -43.549049, 147.473434, -1.06,  3492.00, 203, 0, 18.55, 1
2016/01/10, 16:50:03, -43.549183, 147.473206, -3.74,  0.00, 261, 0, 23.66, 
2016/01/10, 16:51:38, -43.549309, 147.473160, 2.49,  4392.00, 65, 0, 14.49, 
2016/01/10, 16:53:12, -43.549400, 147.473022, 4.78,  0.00, 107, 0, 15.04, 
2016/01/10, 16:54:47, -43.549530, 147.472855, -5.31,  3456.00, 309, 0, 19.75, 1
2016/01/10, 16:56:20, -43.549644, 147.472717, 1.38,  3132.00, 78, 0, 16.86, 1
2016/01/10, 16:57:55, -43.550110, 147.472153, -1.57,  0.00, 205, 0, 68.93, 
2016/01/10, 16:59:28, -43.550762, 147.471878, -0.71,  0.00, 197, 0, 75.81, 
2016/01/10, 17:01:09, -43.550762, 147.471878, -0.71,  0.00, 197, 0, 0.00, 
2016/01/10, 17:02:50, -43.551857, 147.471985, -33.66,  2448.00, 182, 0, 122.06, 
2016/01/10, 17:04:31, -43.551857, 147.471985, -33.66,  2448.00, 182, 0, 0.00, 1
2016/01/10, 17:06:15, -43.553333, 147.472198, 7.29,  3132.00, 142, 0, 165.02, 1
2016/01/10, 17:11:18, -43.553333, 147.472198, 7.29,  3132.00, 142, 0, 0.00, 1
2016/01/10, 17:13:05, -43.553467, 147.468445, -5.46,  8316.00, 315, 0, 302.81, 1
2016/01/10, 17:14:50, -43.552975, 147.467773, 10.61,  324.00, 30, 0, 76.98, 1
2016/01/10, 17:19:54, -43.552975, 147.467773, 10.61,  324.00, 30, 0, 0.00, 1
2016/01/10, 17:21:27, -43.549641, 147.465775, 51.74,  0.00, 0, 0, 404.18, 
2016/01/10, 17:23:02, -43.549042, 147.465652, 108.52,  6768.00, 87, 0, 67.34, 1
2016/01/10, 17:24:35, -43.548176, 147.465012, 28.62,  0.00, 26, 0, 109.24, 1
2016/01/10, 17:26:10, -43.546883, 147.463760, -71.02,  6696.00, 261, 0, 175.65, 1
2016/01/10, 17:27:44, -43.546188, 147.464371, 53.16,  2052.00, 62, 0, 91.64, 1
2016/01/10, 17:29:24, -43.546188, 147.464371, 53.16,  2052.00, 62, 0, 0.00, 1
2016/01/10, 17:31:14, -43.543911, 147.463440, -3.13,  3780.00, 95, 0, 264.08, 
2016/01/10, 17:32:55, -43.543911, 147.463440, -3.13,  3780.00, 95, 0, 0.00, 1
2016/01/10, 17:34:37, -43.541836, 147.462891, 15.94,  4536.00, 319, 0, 234.93, 1
2016/01/10, 17:36:21, -43.540520, 147.463318, 61.28,  3312.00, 54, 0, 150.33, 1
2016/01/10, 17:38:00, -43.539154, 147.462906, -38.61,  2412.00, 8, 0, 155.48, 1
2016/01/10, 17:39:33, -43.538288, 147.463501, 19.57,  0.00, 262, 0, 107.58, 1
2016/01/10, 17:41:05, -43.537640, 147.463242, -11.45,  8532.00, 99, 0, 75.02, 1
2016/01/10, 17:42:39, -43.536392, 147.463608, 11.94,  0.00, 23, 0, 141.87, 1
2016/01/10, 17:44:22, -43.535320, 147.464111, -7.53,  0.00, 26, 0, 125.91, 
2016/01/10, 17:46:04, -43.534115, 147.464355, -96.86,  8424.00, 56, 0, 135.43, 
2016/01/10, 17:49:26, -43.534115, 147.464355, -96.86,  8424.00, 56, 0, 0.00, 1
2016/01/10, 17:50:59, -43.532272, 147.465073, 11.03,  4428.00, 44, 0, 212.95, 1
2016/01/10, 17:52:46, -43.531216, 147.465195, 45.99,  0.00, 0, 0, 117.83, 1
2016/01/10, 17:54:20, -43.530239, 147.465103, 10.23,  7164.00, 237, 0, 108.89, 
2016/01/10, 17:59:25, -43.530239, 147.465103, 10.23,  7164.00, 237, 0, 0.00, 1
2016/01/10, 18:00:58, -43.526421, 147.464172, 21.17,  3276.00, 177, 0, 431.13, 1
2016/01/10, 18:02:39, -43.526421, 147.464172, 21.17,  3276.00, 177, 0, 0.00, 1
2016/01/10, 18:04:15, -43.523785, 147.464294, 12.05,  7488.00, 246, 0, 293.27, 1
2016/01/10, 18:05:48, -43.522808, 147.464355, 10.91,  2988.00, 80, 0, 108.75, 1
2016/01/10, 18:07:29, -43.522808, 147.464355, 10.91,  2988.00, 80, 0, 0.00, 1
2016/01/10, 18:09:08, -43.520447, 147.462128, -162.35,  8568.00, 354, 0, 318.06, 
2016/01/10, 18:14:11, -43.520447, 147.462128, -162.35,  8568.00, 354, 0, 0.00, 1
2016/01/10, 18:15:50, -43.516975, 147.464645, 11.23,  5472.00, 41, 0, 436.16, 1
2016/01/10, 18:17:30, -43.516254, 147.464554, 11.82,  1548.00, 29, 0, 80.51, 1
2016/01/10, 18:25:55, -43.516254, 147.464554, 11.82,  1548.00, 29, 0, 0.00, 1
2016/01/10, 18:27:29, -43.513531, 147.464096, 0.11,  2052.00, 84, 0, 305.03, 1
2016/01/10, 18:29:15, -43.512878, 147.464600, 20.16,  3456.00, 152, 0, 83.21, 1
2016/01/10, 18:30:56, -43.512878, 147.464600, 20.16,  3456.00, 152, 0, 0.00, 1
2016/01/10, 18:32:59, -43.511734, 147.465088, 26.66,  2124.00, 7, 0, 133.16, 1
2016/01/10, 20:30:38, -43.511734, 147.465088, 26.66,  2124.00, 7, 0, 0.00, 
2016/01/10, 20:33:13, -43.435875, 147.442947, -0.81,  1872.00, 153, 0, 8622.27, 
2016/01/10, 20:36:40, -43.435410, 147.443115, -3.20,  108.00, 13, 0, 53.46, 1
2016/01/10, 20:38:31, -43.435040, 147.443085, 3.52,  792.00, 334, 0, 41.21, 1
2016/01/10, 20:41:19, -43.434425, 147.443008, 3.95,  1836.00, 0, 0, 68.67, 1
2016/01/10, 20:42:52, -43.434067, 147.442993, 12.19,  2952.00, 245, 0, 39.83, 1
2016/01/10, 20:44:25, -43.433922, 147.442749, -6.42,  2520.00, 349, 0, 25.46, 
2016/01/10, 20:45:58, -43.433357, 147.442642, -4.03,  0.00, 256, 0, 63.42, 
2016/01/10, 20:47:31, -43.432930, 147.442230, 14.55,  1260.00, 304, 0, 57.98, 1
2016/01/10, 20:49:05, -43.432507, 147.441803, 2.23,  0.00, 336, 0, 58.32, 1
2016/01/10, 20:50:39, -43.432140, 147.441513, 4.00,  1044.00, 341, 0, 47.05, 
2016/01/10, 20:52:22, -43.431801, 147.441238, -10.45,  2304.00, 234, 0, 43.75, 1
2016/01/10, 20:54:04, -43.431183, 147.440643, 8.19,  2844.00, 271, 0, 83.85, 1
2016/01/10, 20:55:47, -43.430843, 147.440048, -6.44,  3312.00, 4, 0, 61.14, 1
2016/01/10, 20:57:22, -43.430233, 147.439697, 10.00,  1944.00, 325, 0, 73.51, 1
2016/01/10, 20:58:56, -43.430134, 147.439056, -2.72,  4032.00, 12, 0, 52.92, 1
2016/01/10, 21:00:32, -43.429626, 147.438828, 10.04,  0.00, 7, 0, 59.41, 
2016/01/10, 21:02:10, -43.429295, 147.438553, 9.11,  2088.00, 216, 0, 42.99, 1
2016/01/10, 21:03:51, -43.428978, 147.438248, 19.01,  2196.00, 355, 0, 43.00, 1
2016/01/10, 21:05:29, -43.429005, 147.437820, 4.59,  1692.00, 8, 0, 34.69, 
2016/01/10, 21:07:09, -43.428154, 147.437912, 24.51,  0.00, 351, 0, 94.92, 
2016/01/10, 21:08:46, -43.428280, 147.437515, 23.04,  0.00, 215, 0, 34.99, 
2016/01/10, 21:10:24, -43.427170, 147.438126, 53.79,  5436.00, 27, 0, 132.92, 
2016/01/10, 21:12:03, -43.428192, 147.437393, 9.72,  0.00, 12, 0, 128.13, 
2016/01/10, 21:14:03, -43.427803, 147.437057, 3.44,  756.00, 354, 0, 51.06, 1
2016/01/10, 21:15:39, -43.427757, 147.436813, -4.00,  0.00, 345, 0, 20.36, 1
2016/01/10, 21:17:16, -43.427315, 147.437042, -2.54,  0.00, 27, 0, 52.51, 
2016/01/10, 21:18:51, -43.427105, 147.437271, 7.21,  0.00, 32, 0, 29.79, 
2016/01/10, 21:20:27, -43.427059, 147.437439, -0.51,  2664.00, 37, 0, 14.50, 
2016/01/10, 21:22:01, -43.427189, 147.437378, -1.02,  5472.00, 16, 0, 15.27, 1
2016/01/10, 21:23:35, -43.427090, 147.437653, -4.91,  6372.00, 36, 0, 24.79, 1
2016/01/10, 21:25:09, -43.426964, 147.438065, -1.24,  5688.00, 183, 0, 36.10, 
2016/01/10, 21:26:45, -43.426842, 147.438461, 6.31,  0.00, 192, 0, 34.74, 
2016/01/10, 21:28:19, -43.427273, 147.438675, -14.13,  2088.00, 88, 0, 50.95, 1
2016/01/10, 21:29:54, -43.427219, 147.439011, 1.38,  0.00, 102, 0, 27.79, 1
2016/01/10, 21:31:28, -43.427429, 147.439270, 1.29,  1656.00, 85, 0, 31.35, 
2016/01/10, 21:33:10, -43.427731, 147.438980, 16.01,  3168.00, 298, 0, 40.94, 1
2016/01/10, 21:34:44, -43.428078, 147.438141, -1.13,  0.00, 13, 0, 77.97, 1
2016/01/10, 21:36:18, -43.427902, 147.437927, 4.06,  1620.00, 159, 0, 26.11, 
2016/01/10, 21:37:53, -43.427853, 147.437729, -1.75,  0.00, 6, 0, 16.89, 
2016/01/10, 21:39:26, -43.427757, 147.437607, -1.41,  0.00, 140, 0, 14.53, 
2016/01/10, 21:41:21, -43.427547, 147.437515, 1.86,  2124.00, 135, 0, 24.50, 
2016/01/10, 21:43:12, -43.427399, 147.437576, -1.65,  864.00, 6, 0, 17.18, 
2016/01/10, 21:45:09, -43.427544, 147.438385, -8.26,  1584.00, 69, 0, 67.29, 
2016/01/10, 21:47:04, -43.427544, 147.438385, -8.26,  1584.00, 69, 0, 0.00, 1
2016/01/10, 21:48:57, -43.429054, 147.439041, -27.66,  6588.00, 188, 0, 176.06, 1
2016/01/10, 21:50:44, -43.430000, 147.438736, -2.96,  1548.00, 178, 0, 108.04, 1
2016/01/10, 21:52:32, -43.430824, 147.438522, 27.89,  1224.00, 287, 0, 93.24, 1
2016/01/10, 21:54:20, -43.431053, 147.437836, -4.30,  360.00, 258, 0, 60.97, 1
2016/01/10, 21:56:19, -43.431328, 147.437363, 0.22,  2160.00, 198, 0, 48.93, 
2016/01/10, 21:58:19, -43.431534, 147.436890, -4.39,  648.00, 326, 0, 44.54, 1
2016/01/10, 22:00:22, -43.431847, 147.436508, -4.55,  1764.00, 319, 0, 46.51, 1
2016/01/10, 22:02:08, -43.432152, 147.436234, 1.24,  1260.00, 205, 0, 40.49, 
2016/01/10, 22:03:54, -43.432446, 147.436050, -3.89,  1620.00, 99, 0, 35.91, 1
2016/01/10, 22:05:37, -43.432766, 147.435684, -6.95,  2844.00, 176, 0, 46.26, 1
2016/01/10, 22:07:21, -43.433044, 147.435669, -6.16,  1980.00, 278, 0, 30.94, 
2016/01/10, 22:09:08, -43.433357, 147.435837, 3.70,  1476.00, 131, 0, 37.35, 1
2016/01/10, 22:10:57, -43.433578, 147.436020, -4.68,  1044.00, 150, 0, 28.67, 1
2016/01/10, 22:12:40, -43.433857, 147.436172, -0.60,  3060.00, 151, 0, 33.36, 
2016/01/10, 22:14:24, -43.434082, 147.436371, -0.08,  1440.00, 142, 0, 29.73, 1
2016/01/10, 22:16:06, -43.434303, 147.436584, -4.02,  1440.00, 140, 0, 29.99, 1
2016/01/10, 22:17:51, -43.434544, 147.436844, -5.34,  1296.00, 43, 0, 34.04, 
2016/01/10, 22:19:36, -43.434811, 147.437073, -1.45,  1224.00, 83, 0, 34.98, 1
2016/01/10, 22:21:21, -43.435120, 147.437317, 4.44,  972.00, 125, 0, 39.61, 1
2016/01/10, 22:23:05, -43.435436, 147.437469, 0.07,  2268.00, 128, 0, 37.22, 
2016/01/10, 22:24:51, -43.435764, 147.437531, -3.87,  1908.00, 159, 0, 36.81, 1
2016/01/10, 22:26:37, -43.436111, 147.437653, 2.06,  1728.00, 211, 0, 39.82, 1
2016/01/10, 22:28:28, -43.436504, 147.437805, -1.23,  2772.00, 132, 0, 45.39, 
2016/01/10, 22:30:27, -43.436859, 147.438019, 1.43,  2052.00, 129, 0, 43.09, 1
2016/01/10, 22:32:20, -43.437168, 147.438324, -1.15,  1872.00, 29, 0, 42.27, 1
2016/01/10, 22:34:04, -43.437435, 147.438721, 1.74,  2268.00, 119, 0, 43.69, 
2016/01/10, 22:35:48, -43.437656, 147.438934, -3.75,  900.00, 122, 0, 29.99, 1
2016/01/10, 22:37:36, -43.437931, 147.439163, -6.90,  1116.00, 61, 0, 35.73, 1
2016/01/10, 22:39:28, -43.438190, 147.439468, 0.88,  1980.00, 84, 0, 37.89, 
2016/01/10, 22:41:20, -43.438553, 147.439636, -0.91,  1260.00, 138, 0, 42.58, 1
2016/01/10, 22:43:19, -43.438938, 147.439758, 0.59,  432.00, 200, 0, 43.93, 1
2016/01/10, 22:45:23, -43.439262, 147.439911, -0.22,  1044.00, 193, 0, 38.09, 
2016/01/10, 22:47:29, -43.439613, 147.440079, 0.34,  1044.00, 136, 0, 41.32, 1
2016/01/10, 22:49:39, -43.440052, 147.440231, 0.34,  936.00, 227, 0, 50.33, 1
2016/01/10, 22:51:48, -43.440495, 147.440277, 0.35,  1260.00, 203, 0, 49.40, 
2016/01/10, 22:53:57, -43.440865, 147.440308, -0.16,  1188.00, 131, 0, 41.22, 1
2016/01/10, 22:55:57, -43.441311, 147.440308, -2.00,  1440.00, 251, 0, 49.59, 1
2016/01/10, 22:57:54, -43.441772, 147.440277, -4.16,  2952.00, 235, 0, 51.32, 1
2016/01/10, 23:00:41, -43.442379, 147.440353, 3.46,  612.00, 97, 0, 67.77, 1
2016/01/10, 23:03:38, -43.442924, 147.440353, 2.52,  1188.00, 203, 0, 60.60, 1
2016/01/10, 23:05:18, -43.443222, 147.440369, 2.92,  1332.00, 183, 0, 33.16, 1
2016/01/10, 23:06:58, -43.443523, 147.440353, 0.15,  1404.00, 175, 0, 33.49, 
2016/01/10, 23:08:41, -43.443771, 147.440323, 3.43,  864.00, 189, 0, 27.68, 1
2016/01/10, 23:10:23, -43.444118, 147.440308, -0.54,  1368.00, 165, 0, 38.60, 1
2016/01/10, 23:12:10, -43.444382, 147.440277, 5.43,  1080.00, 145, 0, 29.46, 
2016/01/10, 23:13:50, -43.444687, 147.440216, 4.41,  684.00, 229, 0, 34.27, 1
2016/01/10, 23:15:32, -43.444992, 147.440125, 5.61,  2016.00, 193, 0, 34.70, 1
2016/01/10, 23:17:12, -43.445282, 147.440063, 2.26,  1188.00, 171, 0, 32.63, 
2016/01/10, 23:18:53, -43.445568, 147.440002, 4.24,  504.00, 278, 0, 32.18, 1
2016/01/10, 23:20:35, -43.445801, 147.439941, 9.58,  792.00, 110, 0, 26.37, 1
2016/01/10, 23:22:17, -43.446064, 147.439926, 1.30,  144.00, 190, 0, 29.27, 
2016/01/10, 23:24:01, -43.446274, 147.439896, 7.66,  1008.00, 211, 0, 23.48, 1
2016/01/10, 23:25:42, -43.446552, 147.439819, 3.72,  1080.00, 175, 0, 31.53, 1
2016/01/10, 23:27:25, -43.446838, 147.439774, 1.93,  2016.00, 208, 0, 32.01, 
2016/01/10, 23:29:07, -43.447102, 147.439621, 9.08,  1008.00, 264, 0, 31.85, 1
2016/01/10, 23:30:50, -43.447426, 147.439499, -0.60,  1728.00, 181, 0, 37.35, 1
2016/01/10, 23:32:44, -43.447620, 147.439453, 1.72,  504.00, 145, 0, 21.89, 
2016/01/10, 23:34:35, -43.447807, 147.439392, 6.29,  1584.00, 179, 0, 21.37, 
2016/01/10, 23:36:35, -43.448017, 147.439285, 7.85,  1008.00, 137, 0, 24.90, 1
2016/01/10, 23:38:29, -43.448284, 147.439178, 3.41,  2268.00, 216, 0, 30.92, 1
2016/01/10, 23:40:16, -43.448517, 147.438995, 1.14,  1800.00, 167, 0, 29.82, 
2016/01/10, 23:42:10, -43.448711, 147.438919, 4.68,  1332.00, 158, 0, 22.43, 1
2016/01/10, 23:44:12, -43.448856, 147.438843, 6.68,  1008.00, 191, 0, 17.25, 1
2016/01/10, 23:46:20, -43.449104, 147.438766, 1.21,  612.00, 195, 0, 28.27, 
2016/01/10, 23:48:23, -43.449211, 147.438782, 1.41,  1332.00, 156, 0, 11.97, 
2016/01/10, 23:50:31, -43.449341, 147.438751, 7.87,  1368.00, 184, 0, 14.67, 1
2016/01/10, 23:52:28, -43.449455, 147.438675, -4.07,  0.00, 164, 0, 14.08, 1
2016/01/10, 23:54:01, -43.449547, 147.438766, 1.10,  3888.00, 12, 0, 12.59, 
2016/01/10, 23:55:34, -43.449661, 147.438797, 0.57,  0.00, 239, 0, 12.92, 
2016/01/10, 23:57:07, -43.449814, 147.438889, -4.08,  1080.00, 211, 0, 18.56, 
2016/01/10, 23:58:40, -43.449928, 147.438782, 0.84,  504.00, 353, -4, 15.34, 1
2016/01/11, 00:00:20, -43.449883, 147.438736, 5.18,  0.00, 0, -2, 0.00, 1
2016/01/11, 00:01:55, -43.450050, 147.438675, 4.05,  0.00, 11, 0, 19.21, 1
2016/01/11, 00:03:33, -43.450180, 147.438538, 2.83,  0.00, 183, 0, 18.20, 
2016/01/11, 00:05:05, -43.450062, 147.438538, 6.18,  6012.00, 23, 0, 13.12, 
2016/01/11, 00:06:39, -43.450218, 147.438522, -3.36,  2880.00, 129, 0, 17.39, 
2016/01/11, 00:08:12, -43.450222, 147.438461, 5.92,  0.00, 12, 0, 4.94, 
2016/01/11, 00:09:46, -43.450485, 147.438354, 1.70,  0.00, 227, 0, 30.49, 
2016/01/11, 00:11:19, -43.450508, 147.438354, -0.83,  2052.00, 14, 0, 2.56, 1
2016/01/11, 00:12:52, -43.450611, 147.438324, 1.19,  1080.00, 185, 0, 11.71, 1
2016/01/11, 00:14:25, -43.450771, 147.438263, -8.82,  8028.00, 39, 0, 18.46, 
2016/01/11, 00:16:00, -43.450874, 147.438232, -3.34,  0.00, 75, 0, 11.72, 
2016/01/11, 00:17:33, -43.450863, 147.438217, -4.88,  4824.00, 127, 0, 1.72, 
2016/01/11, 00:19:08, -43.450928, 147.438354, -2.10,  0.00, 194, 0, 13.21, 
2016/01/11, 00:20:52, -43.450600, 147.438522, 29.88,  2160.00, 0, 0, 38.91, 
2016/01/11, 00:22:29, -43.451317, 147.438293, -2.03,  0.00, 186, 0, 81.84, 
2016/01/11, 00:24:07, -43.451366, 147.438309, 4.02,  0.00, 350, 0, 5.60, 
2016/01/11, 00:25:45, -43.451488, 147.438293, 8.78,  2232.00, 178, 0, 13.63, 1
2016/01/11, 00:27:23, -43.451622, 147.438278, 5.28,  0.00, 220, 0, 14.95, 1
2016/01/11, 00:29:25, -43.451820, 147.438202, 6.33,  972.00, 352, 0, 22.86, 
2016/01/11, 00:30:59, -43.452030, 147.438080, -0.14,  0.00, 204, 0, 25.34, 
2016/01/11, 00:32:32, -43.452187, 147.437973, 1.43,  0.00, 0, 0, 19.48, 
2016/01/11, 00:34:05, -43.452339, 147.437881, 5.48,  0.00, 0, 0, 18.46, 
2016/01/11, 00:35:39, -43.452553, 147.437759, 3.20,  0.00, 0, 0, 25.75, 
2016/01/11, 00:37:12, -43.452740, 147.437698, -1.67,  0.00, 218, 0, 21.37, 
2016/01/11, 00:38:45, -43.452900, 147.437546, 9.30,  0.00, 0, 0, 21.61, 
2016/01/11, 00:40:18, -43.453075, 147.437408, 7.74,  0.00, 143, 0, 22.42, 
2016/01/11, 00:41:51, -43.453251, 147.437408, 0.98,  0.00, 0, 0, 19.57, 
2016/01/11, 00:43:24, -43.453354, 147.437332, 13.61,  0.00, 18, 0, 12.99, 
2016/01/11, 00:44:57, -43.453499, 147.437302, 2.07,  0.00, 0, 0, 16.30, 
2016/01/11, 00:46:31, -43.453575, 147.437241, 12.39,  2412.00, 161, 0, 9.78, 1
2016/01/11, 00:48:04, -43.453705, 147.437302, 7.87,  0.00, 200, 0, 15.27, 1
2016/01/11, 00:49:37, -43.453781, 147.437302, -0.72,  2160.00, 155, 0, 8.45, 
2016/01/11, 00:51:10, -43.453808, 147.437271, 11.56,  0.00, 0, 0, 3.91, 
2016/01/11, 00:52:43, -43.453964, 147.437271, 2.78,  0.00, 322, 0, 17.35, 
2016/01/11, 00:54:16, -43.453964, 147.437164, 10.65,  0.00, 0, 0, 8.64, 
2016/01/11, 00:55:49, -43.454105, 147.437134, 6.63,  3528.00, 280, 0, 15.86, 
2016/01/11, 00:57:22, -43.454254, 147.437180, 0.46,  0.00, 0, 0, 16.98, 
2016/01/11, 00:58:55, -43.454380, 147.437164, -11.59,  0.00, 0, 0, 14.07, 
2016/01/11, 01:00:30, -43.454468, 147.437103, -0.43,  396.00, 0, 0, 10.95, 1
2016/01/11, 01:02:03, -43.454632, 147.437027, -1.69,  0.00, 0, 0, 19.24, 1
2016/01/11, 01:03:37, -43.454750, 147.436935, 12.71,  1332.00, 172, 0, 15.08, 
2016/01/11, 01:05:11, -43.454937, 147.436981, 7.00,  0.00, 0, 0, 21.12, 
2016/01/11, 01:06:44, -43.455116, 147.436935, -7.64,  0.00, 131, 0, 20.25, 
2016/01/11, 01:08:17, -43.455318, 147.436844, 8.41,  0.00, 0, 0, 23.63, 
2016/01/11, 01:09:50, -43.455566, 147.436844, 5.78,  0.00, 209, 0, 27.58, 
2016/01/11, 01:11:23, -43.455677, 147.436722, 1.08,  0.00, 347, 0, 15.79, 
2016/01/11, 01:12:56, -43.455830, 147.436646, 2.04,  0.00, 209, 0, 18.09, 
2016/01/11, 01:14:29, -43.456078, 147.436600, -4.72,  0.00, 266, 0, 27.83, 
2016/01/11, 01:16:02, -43.456306, 147.436462, -1.45,  0.00, 0, 0, 27.69, 
2016/01/11, 01:17:35, -43.456566, 147.436310, 7.49,  0.00, 301, 0, 31.41, 
2016/01/11, 01:19:08, -43.456799, 147.436096, 8.10,  0.00, 0, 0, 31.14, 
2016/01/11, 01:20:41, -43.457001, 147.435974, 5.70,  0.00, 0, 0, 24.53, 
2016/01/11, 01:22:14, -43.457237, 147.435852, 9.53,  288.00, 244, 0, 28.03, 1
2016/01/11, 01:23:48, -43.457451, 147.435669, 6.11,  0.00, 164, 0, 28.01, 1
2016/01/11, 01:25:21, -43.457615, 147.435486, 1.05,  0.00, 0, 0, 23.47, 
2016/01/11, 01:26:54, -43.457825, 147.435318, 11.84,  0.00, 0, 0, 27.00, 
2016/01/11, 01:28:27, -43.458004, 147.435211, 9.42,  0.00, 0, 0, 21.70, 
2016/01/11, 01:30:00, -43.458191, 147.435074, 13.74,  0.00, 0, 0, 23.55, 
2016/01/11, 01:31:33, -43.458351, 147.434906, 0.99,  0.00, 0, 0, 22.37, 
2016/01/11, 01:33:06, -43.458546, 147.434647, -3.03,  0.00, 0, 0, 30.12, 
2016/01/11, 01:34:39, -43.458698, 147.434570, 12.85,  0.00, 0, 0, 18.01, 
2016/01/11, 01:36:12, -43.458866, 147.434433, 0.97,  0.00, 0, 0, 21.71, 
2016/01/11, 01:37:45, -43.459026, 147.434280, 7.96,  0.00, 228, 0, 21.66, 
2016/01/11, 01:39:18, -43.459129, 147.434036, 9.00,  0.00, 163, 0, 22.78, 
2016/01/11, 01:40:51, -43.459312, 147.433792, -1.62,  0.00, 0, 0, 28.32, 
2016/01/11, 01:42:24, -43.459476, 147.433609, 8.16,  0.00, 0, 0, 23.47, 
2016/01/11, 01:43:57, -43.459595, 147.433395, 7.00,  0.00, 0, 0, 21.76, 
2016/01/11, 01:45:30, -43.459721, 147.433167, 1.95,  0.00, 18, 0, 23.13, 
2016/01/11, 01:47:04, -43.459831, 147.432831, 2.62,  0.00, 158, 0, 29.75, 
2016/01/11, 01:48:37, -43.459980, 147.432526, 4.29,  2556.00, 308, 0, 29.67, 1
2016/01/11, 01:50:10, -43.460087, 147.432205, -2.35,  0.00, 0, 0, 28.51, 1
2016/01/11, 01:51:43, -43.460175, 147.431839, 3.40,  1548.00, 256, 0, 31.12, 
2016/01/11, 01:53:17, -43.460270, 147.431442, 2.48,  0.00, 202, 0, 33.74, 
2016/01/11, 01:54:50, -43.460354, 147.431091, 3.85,  0.00, 0, 0, 29.83, 
2016/01/11, 01:56:23, -43.460487, 147.430786, 8.70,  0.00, 0, 0, 28.72, 
2016/01/11, 01:57:56, -43.460648, 147.430466, 5.09,  0.00, 0, 0, 31.43, 
2016/01/11, 01:59:30, -43.460777, 147.430161, 4.35,  0.00, 222, 0, 28.49, 
2016/01/11, 02:01:04, -43.460896, 147.429871, 3.27,  0.00, 251, 0, 26.89, 
2016/01/11, 02:02:37, -43.461029, 147.429596, 6.02,  0.00, 0, 0, 26.67, 
2016/01/11, 02:04:10, -43.461197, 147.429321, 4.06,  0.00, 0, 0, 29.01, 
2016/01/11, 02:05:43, -43.461174, 147.428955, -8.35,  0.00, 228, 0, 29.65, 
2016/01/11, 02:07:16, -43.461174, 147.428604, 2.20,  0.00, 17, 0, 28.33, 
2016/01/11, 02:08:49, -43.461201, 147.428299, 5.85,  0.00, 231, 0, 24.80, 
2016/01/11, 02:10:23, -43.461044, 147.427917, 5.07,  1440.00, 327, 0, 35.43, 1
2016/01/11, 02:11:56, -43.461040, 147.427551, 3.63,  2196.00, 306, 0, 29.54, 1
2016/01/11, 02:13:29, -43.460804, 147.427322, 1.54,  0.00, 0, 0, 32.10, 
2016/01/11, 02:15:02, -43.460598, 147.427094, -1.98,  1296.00, 11, 0, 29.38, 1
2016/01/11, 02:16:35, -43.460419, 147.426849, 3.32,  0.00, 0, 0, 28.06, 1
2016/01/11, 02:18:08, -43.460346, 147.426559, -6.87,  1512.00, 262, 0, 24.77, 
2016/01/11, 02:19:42, -43.460194, 147.426300, 7.77,  1728.00, 188, 0, 26.88, 1
2016/01/11, 02:21:15, -43.460033, 147.426056, 0.82,  1512.00, 339, 0, 26.61, 1
2016/01/11, 02:22:48, -43.459953, 147.425674, -8.06,  1980.00, 309, 0, 32.09, 
2016/01/11, 02:24:21, -43.459743, 147.425461, 7.75,  1332.00, 310, 0, 29.00, 1
2016/01/11, 02:25:56, -43.459606, 147.425140, 4.62,  252.00, 310, 0, 30.06, 1
2016/01/11, 02:27:29, -43.459515, 147.424835, 2.78,  828.00, 16, 0, 26.62, 
2016/01/11, 02:29:03, -43.459518, 147.424484, 10.44,  2664.00, 217, 0, 28.33, 1
2016/01/11, 02:30:36, -43.459438, 147.424194, 1.81,  2628.00, 33, 0, 25.04, 1
2016/01/11, 02:32:09, -43.459385, 147.423859, -3.05,  2736.00, 104, 0, 27.67, 
2016/01/11, 02:33:43, -43.459282, 147.423538, 5.08,  2304.00, 19, 0, 28.33, 1
2016/01/11, 02:35:16, -43.459213, 147.423172, 6.37,  900.00, 26, 0, 30.52, 1
2016/01/11, 02:36:49, -43.459076, 147.422928, 12.10,  0.00, 294, 0, 24.90, 
2016/01/11, 02:38:23, -43.459072, 147.422516, 1.45,  2088.00, 261, 0, 33.26, 1
2016/01/11, 02:39:56, -43.458942, 147.422272, 0.62,  0.00, 14, 0, 24.43, 1
2016/01/11, 02:41:29, -43.458881, 147.421951, 3.63,  792.00, 252, 0, 26.78, 
2016/01/11, 02:43:02, -43.458721, 147.421707, 4.07,  4212.00, 7, 0, 26.54, 1
2016/01/11, 02:44:35, -43.458542, 147.421494, 6.78,  3240.00, 191, 0, 26.30, 1
2016/01/11, 02:46:08, -43.458473, 147.421158, 5.16,  2988.00, 174, 0, 28.18, 
2016/01/11, 02:47:42, -43.458397, 147.420868, -0.38,  2412.00, 231, 0, 24.89, 1
2016/01/11, 02:49:16, -43.458275, 147.420609, 7.81,  3024.00, 325, 0, 24.92, 1
2016/01/11, 02:50:50, -43.458176, 147.420319, -2.23,  1260.00, 253, 0, 25.87, 
2016/01/11, 02:52:24, -43.457996, 147.420120, 0.12,  0.00, 10, 0, 25.66, 
2016/01/11, 02:53:59, -43.457909, 147.419846, -7.69,  0.00, 236, 0, 24.14, 
2016/01/11, 02:55:34, -43.457638, 147.419678, 4.02,  828.00, 27, 0, 33.04, 1
2016/01/11, 02:57:08, -43.457611, 147.419357, -2.91,  1908.00, 296, 0, 26.08, 1
2016/01/11, 02:58:43, -43.457424, 147.419144, 9.07,  792.00, 322, 0, 26.98, 
2016/01/11, 03:00:51, -43.457302, 147.418762, 1.28,  432.00, 236, 0, 33.69, 1
2016/01/11, 03:02:25, -43.457157, 147.418472, 5.56,  0.00, 0, 0, 28.42, 1
2016/01/11, 03:03:58, -43.457062, 147.418182, 11.47,  0.00, 0, 0, 25.68, 
2016/01/11, 03:05:30, -43.456928, 147.418015, -7.17,  1152.00, 312, 0, 20.09, 
2016/01/11, 03:07:05, -43.456787, 147.417755, 2.07,  2592.00, 303, 0, 26.20, 1
2016/01/11, 03:08:39, -43.456635, 147.417496, 7.50,  0.00, 0, 0, 26.88, 1
2016/01/11, 03:10:12, -43.456562, 147.417343, -8.23,  0.00, 0, 0, 14.78, 
2016/01/11, 03:11:46, -43.456402, 147.417038, 1.71,  1656.00, 308, 0, 30.37, 
2016/01/11, 03:13:19, -43.456219, 147.416840, 2.70,  0.00, 0, 0, 25.87, 
2016/01/11, 03:14:52, -43.456081, 147.416687, -1.94,  1836.00, 1, 0, 19.70, 1
2016/01/11, 03:16:25, -43.455883, 147.416534, 2.96,  0.00, 329, 0, 25.24, 1
2016/01/11, 03:17:59, -43.455761, 147.416306, -1.97,  0.00, 0, 0, 22.86, 
2016/01/11, 03:19:34, -43.455711, 147.416016, 3.40,  0.00, 0, 0, 24.06, 
2016/01/11, 03:21:08, -43.455673, 147.415726, -0.47,  0.00, 251, 0, 23.79, 
2016/01/11, 03:22:42, -43.455536, 147.415466, 5.25,  1512.00, 327, 0, 25.93, 1
2016/01/11, 03:24:15, -43.455425, 147.415253, -1.33,  0.00, 0, 0, 21.16, 1
2016/01/11, 03:25:49, -43.455254, 147.415039, -0.02,  720.00, 42, 0, 25.69, 
2016/01/11, 03:27:22, -43.455135, 147.414734, 13.38,  0.00, 307, 0, 27.95, 
2016/01/11, 03:28:55, -43.455021, 147.414566, 0.97,  0.00, 306, 0, 18.56, 
2016/01/11, 03:30:28, -43.454865, 147.414322, 7.94,  0.00, 30, 0, 26.24, 
2016/01/11, 03:32:01, -43.454727, 147.414139, 3.31,  0.00, 273, 0, 21.30, 
2016/01/11, 03:33:33, -43.454575, 147.413864, 7.47,  1512.00, 42, 0, 27.90, 1
2016/01/11, 03:35:06, -43.454388, 147.413712, 9.41,  0.00, 18, 0, 24.14, 1
2016/01/11, 03:36:41, -43.454288, 147.413498, 0.65,  1692.00, 51, 0, 20.54, 
2016/01/11, 03:38:15, -43.454140, 147.413239, 2.20,  0.00, 242, 0, 26.61, 
2016/01/11, 03:39:47, -43.454002, 147.413071, 1.48,  756.00, 333, 0, 20.48, 1
2016/01/11, 03:41:20, -43.453911, 147.412842, 3.24,  2484.00, 359, 0, 21.07, 1
2016/01/11, 03:42:54, -43.453762, 147.412613, 5.04,  1404.00, 306, 0, 24.82, 
2016/01/11, 03:44:28, -43.453640, 147.412399, 5.18,  0.00, 259, 0, 21.96, 
2016/01/11, 03:46:01, -43.453495, 147.412201, 2.13,  0.00, 204, 0, 22.70, 
2016/01/11, 03:47:34, -43.453423, 147.411942, 3.41,  0.00, 0, 0, 22.39, 
2016/01/11, 03:49:07, -43.453342, 147.411758, 5.57,  0.00, 0, 0, 17.37, 
2016/01/11, 03:50:40, -43.453274, 147.411575, 1.35,  0.00, 198, 0, 16.59, 
2016/01/11, 03:52:13, -43.453312, 147.411484, -5.02,  1476.00, 11, 0, 8.47, 
2016/01/11, 03:53:47, -43.453354, 147.411469, 4.55,  3132.00, 50, 0, 4.82, 
2016/01/11, 03:55:22, -43.453304, 147.411606, 6.21,  0.00, 24, 0, 12.38, 
2016/01/11, 03:56:55, -43.453297, 147.411758, 3.44,  0.00, 0, 0, 12.29, 
2016/01/11, 03:58:28, -43.453224, 147.411850, -0.38,  0.00, 0, 0, 11.00, 
2016/01/11, 04:00:01, -43.453106, 147.412018, -2.42,  108.00, 104, 0, 18.87, 
2016/01/11, 04:01:35, -43.453075, 147.412094, 1.47,  1476.00, 333, 0, 7.04, 
2016/01/11, 04:03:10, -43.453037, 147.412262, 2.44,  0.00, 64, 0, 14.20, 
2016/01/11, 04:04:43, -43.452984, 147.412430, 0.61,  0.00, 0, 0, 14.79, 
2016/01/11, 04:06:16, -43.452911, 147.412506, 6.22,  1512.00, 87, 0, 10.17, 1
2016/01/11, 04:07:49, -43.452854, 147.412628, 5.31,  1584.00, 0, 0, 11.71, 1
2016/01/11, 04:09:23, -43.452789, 147.412720, 2.04,  828.00, 320, 0, 10.36, 
2016/01/11, 04:10:56, -43.452751, 147.412796, -1.15,  1368.00, 92, 0, 7.45, 
2016/01/11, 04:12:30, -43.452709, 147.412888, 6.23,  0.00, 10, 0, 8.77, 
2016/01/11, 04:14:03, -43.452682, 147.412994, 0.07,  0.00, 104, 0, 9.07, 
2016/01/11, 04:15:36, -43.452686, 147.413116, 7.70,  0.00, 129, 0, 9.86, 
2016/01/11, 04:17:10, -43.452702, 147.413116, 2.00,  216.00, 63, 0, 1.78, 
2016/01/11, 04:18:44, -43.452732, 147.413116, -0.38,  0.00, 0, 0, 3.34, 
2016/01/11, 04:20:18, -43.452751, 147.413086, 3.65,  0.00, 247, 0, 3.21, 
2016/01/11, 04:21:52, -43.452778, 147.412994, -1.40,  1944.00, 348, 0, 8.01, 
2016/01/11, 04:23:26, -43.452797, 147.412964, 6.60,  0.00, 215, 0, 3.21, 
2016/01/11, 04:24:59, -43.452816, 147.412933, 4.14,  1656.00, 28, 0, 3.27, 
2016/01/11, 04:26:32, -43.452915, 147.412827, 4.47,  0.00, 0, 0, 13.94, 
2016/01/11, 04:28:05, -43.452961, 147.412720, -6.39,  864.00, 292, 0, 10.04, 
2016/01/11, 04:29:38, -43.452930, 147.412613, -1.63,  2268.00, 330, 0, 9.30, 
2016/01/11, 04:31:12, -43.453060, 147.412857, 13.65,  2556.00, 2, 0, 24.43, 
2016/01/11, 04:32:51, -43.453037, 147.412903, 2.73,  0.00, 161, 0, 4.51, 
2016/01/11, 04:34:25, -43.453075, 147.412872, -6.60,  1224.00, 230, 0, 4.91, 
2016/01/11, 04:36:00, -43.453033, 147.412933, 0.14,  0.00, 66, 0, 6.79, 
2016/01/11, 04:37:33, -43.453026, 147.412994, 4.82,  0.00, 91, 0, 4.99, 
2016/01/11, 04:39:06, -43.453003, 147.412872, -16.60,  0.00, 291, 0, 10.17, 
2016/01/11, 04:40:40, -43.453072, 147.412933, -7.22,  0.00, 332, 0, 9.12, 
2016/01/11, 04:42:14, -43.453022, 147.412979, 7.08,  3492.00, 218, 0, 6.69, 
2016/01/11, 04:43:49, -43.453087, 147.412415, -71.40,  1044.00, 91, 0, 46.10, 
2016/01/11, 04:45:28, -43.453156, 147.412888, -9.46,  5472.00, 277, 0, 38.94, 
2016/01/11, 04:47:02, -43.453243, 147.412521, -22.20,  2196.00, 341, 0, 31.16, 
2016/01/11, 04:48:41, -43.453312, 147.412521, -21.97,  6120.00, 93, 0, 7.67, 1
2016/01/11, 04:50:38, -43.453415, 147.412460, -22.32,  1476.00, 179, 0, 12.47, 1
2016/01/11, 04:52:38, -43.453438, 147.412308, -20.20,  720.00, 313, 0, 12.53, 
2016/01/11, 04:54:27, -43.453415, 147.412201, -42.76,  2016.00, 38, 0, 9.01, 
2016/01/11, 04:56:22, -43.453362, 147.412369, -18.13,  1296.00, 268, 0, 14.79, 
2016/01/11, 04:58:01, -43.453346, 147.412064, -35.57,  3276.00, 16, 0, 24.68, 
2016/01/11, 04:59:36, -43.453228, 147.412186, -18.98,  0.00, 357, 0, 16.41, 
2016/01/11, 05:01:09, -43.453148, 147.412216, -5.42,  1980.00, 359, 0, 9.22, 
2016/01/11, 05:02:42, -43.453049, 147.412064, -18.55,  3564.00, 245, 0, 16.48, 1
2016/01/11, 05:04:29, -43.452908, 147.411957, -23.67,  2016.00, 349, 0, 17.90, 1
2016/01/11, 05:06:03, -43.452797, 147.411972, -19.99,  1404.00, 18, 0, 12.40, 
2016/01/11, 05:07:37, -43.452633, 147.412125, -5.36,  1944.00, 72, 0, 22.02, 
2016/01/11, 05:09:17, -43.452732, 147.411926, -12.98,  1980.00, 159, 0, 19.47, 
2016/01/11, 05:10:55, -43.453655, 147.411865, -21.96,  3456.00, 31, 0, 102.75, 1
2016/01/11, 05:12:35, -43.454140, 147.413361, 111.42,  0.00, 0, 0, 132.25, 1
2016/01/11, 05:14:23, -43.455509, 147.412506, 4.05,  1224.00, 128, 0, 167.14, 1
2016/01/11, 05:16:15, -43.456150, 147.413559, 122.31,  1584.00, 168, 0, 110.93, 1
2016/01/11, 05:19:37, -43.456150, 147.413559, 122.31,  1584.00, 168, 0, 0.00, 1
2016/01/11, 05:21:17, -43.459541, 147.412750, 18.05,  0.00, 0, 0, 382.67, 
2016/01/11, 05:22:58, -43.459541, 147.412750, 18.05,  0.00, 0, 0, 0.00, 
2016/01/11, 05:24:38, -43.461910, 147.411774, -3.68,  0.00, 0, 0, 274.95, 
2016/01/11, 05:26:20, -43.462822, 147.412888, 48.86,  0.00, 0, 0, 135.53, 
2016/01/11, 05:29:42, -43.462822, 147.412888, 48.86,  0.00, 0, 0, 0.00, 
2016/01/11, 05:31:25, -43.466579, 147.410431, -53.17,  12024.00, 13, 0, 462.43, 
2016/01/11, 05:34:50, -43.466579, 147.410431, -53.17,  12024.00, 13, 0, 0.00, 1
2016/01/11, 05:36:44, -43.468239, 147.412201, 144.66,  828.00, 65, 0, 233.40, 1
2016/01/11, 05:38:43, -43.468418, 147.412018, 120.35,  900.00, 235, 0, 24.78, 1
2016/01/11, 05:41:01, -43.469093, 147.410843, -4.38,  1332.00, 72, 0, 120.93, 1
2016/01/11, 05:43:05, -43.469051, 147.410416, 1.05,  0.00, 320, 0, 34.77, 1
2016/01/11, 05:44:46, -43.469524, 147.409210, 2.67,  0.00, 209, 0, 110.63, 
2016/01/11, 05:46:30, -43.469776, 147.408188, -9.09,  2484.00, 8, 0, 87.10, 1
2016/01/11, 05:48:02, -43.470432, 147.407364, 7.37,  0.00, 0, 0, 98.70, 1
2016/01/11, 05:49:35, -43.470848, 147.406677, 7.29,  0.00, 10, 0, 72.20, 
2016/01/11, 05:51:14, -43.471519, 147.405746, 5.41,  0.00, 0, 0, 105.88, 
2016/01/11, 05:54:36, -43.471519, 147.405746, 5.41,  0.00, 0, 0, 0.00, 
2016/01/11, 05:56:08, -43.473057, 147.404083, 3.18,  0.00, 210, 0, 217.38, 
2016/01/11, 05:57:41, -43.473694, 147.403961, 4.16,  0.00, 121, 0, 71.51, 
2016/01/11, 05:59:22, -43.473694, 147.403961, 4.16,  0.00, 121, 0, 0.00, 
2016/01/11, 06:00:54, -43.475418, 147.404358, 5.81,  1440.00, 186, 0, 194.36, 
2016/01/11, 06:02:35, -43.475418, 147.404358, 5.81,  1440.00, 186, 0, 0.00, 1
2016/01/11, 06:04:11, -43.477146, 147.403671, -8.49,  0.00, 266, 0, 199.98, 1
2016/01/11, 06:05:43, -43.477715, 147.403336, 0.82,  0.00, 0, 0, 68.80, 
2016/01/11, 06:07:19, -43.477802, 147.403412, -5.24,  8388.00, 198, 0, 11.45, 1
2016/01/11, 06:08:53, -43.478146, 147.404160, -1.37,  0.00, 148, 0, 71.45, 1
2016/01/11, 06:10:26, -43.478775, 147.403381, 1.89,  0.00, 0, 0, 94.03, 
2016/01/11, 06:11:59, -43.479443, 147.402710, 1.84,  0.00, 332, 0, 91.92, 
2016/01/11, 06:13:36, -43.480228, 147.402390, 2.04,  360.00, 0, 0, 91.03, 1
2016/01/11, 06:15:09, -43.480568, 147.403244, 3.94,  0.00, 109, 0, 78.59, 1
2016/01/11, 06:16:49, -43.480938, 147.404526, -0.06,  0.00, 35, 0, 111.32, 
2016/01/11, 06:18:22, -43.481522, 147.405212, 4.45,  0.00, 147, 0, 85.33, 
2016/01/11, 06:19:55, -43.482246, 147.405426, 1.58,  4212.00, 156, 0, 82.34, 1
2016/01/11, 06:21:30, -43.482899, 147.405975, 4.01,  0.00, 123, 0, 85.05, 1
2016/01/11, 06:23:03, -43.483501, 147.406769, -1.71,  0.00, 132, 0, 92.65, 
2016/01/11, 06:24:44, -43.483501, 147.406769, -1.71,  0.00, 132, 0, 0.00, 
2016/01/11, 06:26:26, -43.484676, 147.409775, 21.58,  4140.00, 126, 0, 275.48, 
2016/01/11, 06:28:07, -43.484676, 147.409775, 21.58,  4140.00, 126, 0, 0.00, 1
2016/01/11, 06:29:39, -43.484791, 147.412430, 8.69,  0.00, 43, 0, 214.58, 1
2016/01/11, 06:31:13, -43.484554, 147.413055, 0.10,  0.00, 52, 0, 56.90, 
2016/01/11, 06:32:46, -43.484261, 147.413681, 3.81,  0.00, 42, 0, 60.10, 
2016/01/11, 06:34:27, -43.484261, 147.413681, 3.81,  0.00, 42, 0, 0.00, 
2016/01/11, 06:36:08, -43.484413, 147.416321, -89.49,  2484.00, 62, 0, 213.66, 1
2016/01/11, 06:37:41, -43.483650, 147.418076, 1.01,  0.00, 78, 0, 165.06, 1
2016/01/11, 06:39:23, -43.483654, 147.419785, 4.89,  0.00, 104, 0, 137.88, 
2016/01/11, 06:40:59, -43.484104, 147.420746, -4.18,  4500.00, 63, 0, 92.28, 1
2016/01/11, 06:42:32, -43.484398, 147.422134, 4.73,  0.00, 82, 0, 116.66, 1
2016/01/11, 06:44:05, -43.484444, 147.423569, 3.77,  0.00, 98, 0, 115.89, 
2016/01/11, 06:45:38, -43.484390, 147.425034, -4.13,  0.00, 0, 0, 118.35, 
2016/01/11, 06:49:00, -43.484390, 147.425034, -4.13,  0.00, 0, 0, 0.00, 
2016/01/11, 06:50:40, -43.483410, 147.429550, -53.77,  5976.00, 52, 0, 380.30, 
2016/01/11, 06:52:21, -43.483410, 147.429550, -53.77,  5976.00, 52, 0, 0.00, 1
2016/01/11, 06:54:03, -43.483894, 147.433273, -42.12,  3672.00, 85, 0, 305.15, 1
2016/01/11, 06:55:42, -43.483513, 147.434998, -1.38,  3132.00, 139, 0, 145.48, 1
2016/01/11, 06:57:17, -43.483147, 147.436646, 0.38,  0.00, 56, 0, 139.05, 1
2016/01/11, 06:58:55, -43.482662, 147.438477, 8.36,  2160.00, 117, 0, 157.26, 1
2016/01/11, 07:00:31, -43.482254, 147.439835, 21.63,  6300.00, 354, 0, 118.59, 1
2016/01/11, 07:02:04, -43.481766, 147.441177, 5.41,  2232.00, 49, 0, 121.11, 1
2016/01/11, 07:03:39, -43.481339, 147.441818, 3.04,  0.00, 344, 0, 70.21, 1
2016/01/11, 07:05:14, -43.480915, 147.442307, -2.83,  0.00, 11, 0, 61.48, 
2016/01/11, 07:06:47, -43.480587, 147.442810, 6.60,  1620.00, 354, 0, 54.56, 1
2016/01/11, 07:08:21, -43.480225, 147.443375, 6.91,  0.00, 91, 0, 60.81, 1
2016/01/11, 07:09:58, -43.479847, 147.444077, -0.79,  3096.00, 293, 0, 70.53, 1
2016/01/11, 07:11:31, -43.479332, 147.444534, 5.94,  3744.00, 61, 0, 68.11, 1
2016/01/11, 07:13:05, -43.478851, 147.445145, 10.53,  0.00, 89, 0, 72.74, 1
2016/01/11, 07:14:38, -43.478401, 147.445633, 2.34,  3492.00, 37, 0, 63.67, 1
2016/01/11, 07:16:12, -43.478020, 147.446075, 6.13,  216.00, 65, 0, 55.38, 1
2016/01/11, 07:17:53, -43.477505, 147.446869, -17.34,  10080.00, 68, 0, 85.93, 
2016/01/11, 07:21:15, -43.477505, 147.446869, -17.34,  10080.00, 68, 0, 0.00, 1
2016/01/11, 07:22:48, -43.476463, 147.449905, 4.55,  0.00, 62, 0, 270.99, 1
2016/01/11, 07:26:10, -43.476463, 147.449905, 4.55,  0.00, 62, 0, 0.00, 
2016/01/11, 07:27:42, -43.475319, 147.454041, 6.94,  2844.00, 70, 0, 357.16, 
2016/01/11, 07:31:04, -43.475319, 147.454041, 6.94,  2844.00, 70, 0, 0.00, 1
2016/01/11, 07:32:47, -43.475422, 147.456543, -5.39,  2700.00, 184, 0, 202.21, 1
2016/01/11, 07:34:21, -43.476021, 147.457108, 2.85,  2484.00, 204, 0, 80.71, 1
2016/01/11, 07:36:02, -43.476021, 147.457108, 2.85,  2484.00, 204, 0, 0.00, 1
2016/01/11, 07:37:41, -43.477013, 147.458054, 4.78,  0.00, 80, 0, 134.14, 
2016/01/11, 07:41:03, -43.477013, 147.458054, 4.78,  0.00, 80, 0, 0.00, 
2016/01/11, 07:42:37, -43.477692, 147.460220, 2.54,  2448.00, 75, 0, 190.38, 1
2016/01/11, 07:44:18, -43.478119, 147.460938, 19.64,  0.00, 0, 0, 74.90, 1
2016/01/11, 07:45:51, -43.478027, 147.461655, 1.44,  2700.00, 185, 0, 58.75, 
2016/01/11, 07:47:32, -43.478027, 147.461655, 1.44,  2700.00, 185, 0, 0.00, 1
2016/01/11, 07:49:06, -43.478348, 147.463959, 2.47,  0.00, 69, 0, 189.30, 1
2016/01/11, 07:52:29, -43.478348, 147.463959, 2.47,  0.00, 69, 0, 0.00, 
2016/01/11, 07:54:02, -43.479000, 147.467682, 3.07,  0.00, 72, 0, 309.02, 
2016/01/11, 07:55:35, -43.479008, 147.469177, 9.35,  2052.00, 114, 0, 120.63, 1
2016/01/11, 07:57:09, -43.479313, 147.469833, -4.49,  3240.00, 75, 0, 62.86, 1
2016/01/11, 07:58:43, -43.479755, 147.470673, 6.35,  0.00, 105, 0, 83.72, 1
2016/01/11, 08:00:25, -43.480305, 147.471329, -6.80,  0.00, 0, 0, 80.88, 
2016/01/11, 08:02:06, -43.480305, 147.471329, -6.80,  0.00, 0, 0, 0.00, 
2016/01/11, 08:03:49, -43.481750, 147.472183, -91.67,  20808.00, 234, 0, 174.83, 
2016/01/11, 08:05:30, -43.481750, 147.472183, -91.67,  20808.00, 234, 0, 0.00, 1
2016/01/11, 08:07:19, -43.481861, 147.475327, -6.03,  864.00, 62, 0, 253.97, 1
2016/01/11, 08:09:12, -43.482090, 147.476181, 8.13,  2268.00, 36, 0, 73.46, 1
2016/01/11, 08:10:53, -43.482090, 147.476181, 8.13,  2268.00, 36, 0, 0.00, 1
2016/01/11, 08:12:36, -43.482609, 147.479248, -14.38,  0.00, 0, 0, 254.09, 
2016/01/11, 08:15:59, -43.482609, 147.479248, -14.38,  0.00, 0, 0, 0.00, 
2016/01/11, 08:17:59, -43.482883, 147.482834, -0.52,  3060.00, 56, 0, 290.92, 1
2016/01/11, 08:19:55, -43.482269, 147.483673, 3.56,  3132.00, 25, 0, 96.14, 1
2016/01/11, 08:22:25, -43.481533, 147.484833, 1.13,  1872.00, 47, 0, 124.33, 1
2016/01/11, 08:24:53, -43.480797, 147.485931, -0.84,  2016.00, 56, 0, 120.61, 1
2016/01/11, 08:27:27, -43.480114, 147.487259, -2.20,  1620.00, 52, 0, 131.33, 1
2016/01/11, 08:30:02, -43.479336, 147.488480, 1.17,  3744.00, 63, 0, 131.11, 1
2016/01/11, 08:32:20, -43.478672, 147.489594, 2.29,  2304.00, 36, 0, 116.32, 1
2016/01/11, 08:33:53, -43.477997, 147.490158, 5.27,  0.00, 0, 0, 87.77, 1
2016/01/11, 08:35:26, -43.477398, 147.490753, 9.21,  0.00, 63, 0, 82.10, 
2016/01/11, 08:37:00, -43.476856, 147.491379, 1.92,  5580.00, 30, 0, 78.64, 1
2016/01/11, 08:38:36, -43.476273, 147.492035, 9.28,  2844.00, 45, 0, 83.69, 1
2016/01/11, 08:40:10, -43.475716, 147.492676, 10.59,  5040.00, 45, 0, 80.69, 1
2016/01/11, 08:41:44, -43.475193, 147.493240, 1.52,  1692.00, 42, 0, 73.85, 1
2016/01/11, 08:43:18, -43.474697, 147.493912, 8.10,  6084.00, 52, 0, 77.34, 1
2016/01/11, 08:44:52, -43.474247, 147.494614, 5.19,  3816.00, 53, 0, 75.58, 1
2016/01/11, 08:46:26, -43.473755, 147.495224, -4.90,  0.00, 17, 0, 73.59, 1
2016/01/11, 08:48:07, -43.473755, 147.495224, -4.90,  0.00, 17, 0, 0.00, 
2016/01/11, 08:49:41, -43.472126, 147.497589, 21.59,  5112.00, 4, 0, 263.12, 
2016/01/11, 08:51:22, -43.472126, 147.497589, 21.59,  5112.00, 4, 0, 0.00, 1
2016/01/11, 08:52:59, -43.470589, 147.498154, 6.35,  3960.00, 25, 0, 176.88, 1
2016/01/11, 08:54:36, -43.469677, 147.498688, -0.54,  2628.00, 39, 0, 110.19, 1
2016/01/11, 08:56:17, -43.469677, 147.498688, -0.54,  2628.00, 39, 0, 0.00, 1
2016/01/11, 08:57:49, -43.467777, 147.499252, 9.40,  3204.00, 9, 0, 216.12, 1
2016/01/11, 08:59:29, -43.466652, 147.499176, 10.10,  10764.00, 21, 0, 125.24, 1
2016/01/11, 09:35:50, -43.466652, 147.499176, 10.10,  10764.00, 21, 0, 0.00, 
2016/01/11, 09:38:52, -43.450756, 147.480331, 3.22,  1152.00, 8, 0, 2331.91, 1
2016/01/11, 09:40:27, -43.450630, 147.479980, 0.84,  0.00, 251, 0, 31.61, 1
2016/01/11, 09:42:00, -43.450302, 147.479828, 4.45,  0.00, 1, 0, 38.48, 
2016/01/11, 09:43:38, -43.449650, 147.479797, 4.77,  0.00, 354, 0, 72.54, 
2016/01/11, 09:45:12, -43.449043, 147.479782, -3.77,  1872.00, 300, 0, 67.51, 1
2016/01/11, 09:46:46, -43.448803, 147.479462, 7.34,  828.00, 248, 0, 37.14, 1
2016/01/11, 09:48:20, -43.448391, 147.479492, 5.57,  1152.00, 15, 0, 45.88, 
2016/01/11, 09:49:53, -43.447948, 147.479507, 3.80,  0.00, 353, 0, 49.27, 
2016/01/11, 09:51:27, -43.447334, 147.479599, 7.24,  0.00, 359, 0, 68.68, 
2016/01/11, 09:53:01, -43.446896, 147.479584, 2.86,  2412.00, 31, 0, 48.72, 1
2016/01/11, 09:54:36, -43.446442, 147.479446, 4.10,  0.00, 355, 0, 51.70, 1
2016/01/11, 09:56:11, -43.446068, 147.479248, -3.80,  1620.00, 253, 0, 44.55, 
2016/01/11, 09:57:44, -43.445847, 147.478256, -20.71,  0.00, 100, 0, 83.77, 
2016/01/11, 09:59:17, -43.445545, 147.477951, 7.27,  0.00, 157, 0, 41.64, 
2016/01/11, 10:00:50, -43.445316, 147.477463, -0.18,  2412.00, 260, 0, 46.91, 1
2016/01/11, 10:02:23, -43.445129, 147.477112, 4.12,  0.00, 0, 0, 35.15, 1
2016/01/11, 10:03:56, -43.444775, 147.476608, 3.43,  1872.00, 225, 0, 56.61, 1
2016/01/11, 10:05:30, -43.444313, 147.476227, 5.20,  0.00, 324, 0, 59.88, 1
2016/01/11, 10:07:05, -43.443939, 147.475906, 10.55,  1548.00, 339, 0, 49.00, 
2016/01/11, 10:08:39, -43.443562, 147.475525, 9.10,  2088.00, 343, 0, 51.99, 1
2016/01/11, 10:10:14, -43.443169, 147.475311, 15.15,  2088.00, 11, 0, 46.99, 1
2016/01/11, 10:11:56, -43.442684, 147.474838, -5.04,  2304.00, 329, 0, 66.08, 1
2016/01/11, 10:13:30, -43.442387, 147.474609, 20.73,  3384.00, 299, 0, 37.85, 1
2016/01/11, 10:15:08, -43.441998, 147.474030, 2.09,  1692.00, 0, 0, 63.69, 1
2016/01/11, 10:16:48, -43.441723, 147.472885, -20.02,  0.00, 0, 0, 97.37, 1
2016/01/11, 10:18:29, -43.441723, 147.472885, -20.02,  0.00, 0, 0, 0.00, 
2016/01/11, 10:20:05, -43.440975, 147.471039, 1.30,  10080.00, 318, 0, 170.68, 
2016/01/11, 10:21:46, -43.440975, 147.471039, 1.30,  10080.00, 318, 0, 0.00, 1
2016/01/11, 10:23:27, -43.439663, 147.469772, 85.10,  8172.00, 293, 0, 178.18, 1
2016/01/11, 10:24:59, -43.438374, 147.468597, -41.07,  2808.00, 99, 0, 171.88, 1
2016/01/11, 10:26:35, -43.438019, 147.467972, 0.39,  4284.00, 310, 0, 64.07, 1
2016/01/11, 10:29:57, -43.438019, 147.467972, 0.39,  4284.00, 310, 0, 0.00, 1
2016/01/11, 10:31:33, -43.436459, 147.464752, -14.30,  0.00, 187, 0, 312.54, 
2016/01/11, 10:36:36, -43.436459, 147.464752, -14.30,  0.00, 187, 0, 0.00, 
2016/01/11, 10:38:20, -43.434174, 147.459717, -48.33,  10260.00, 310, 0, 479.41, 1
2016/01/11, 10:39:53, -43.433773, 147.458527, -64.96,  7020.00, 144, 0, 105.93, 1
2016/01/11, 10:43:15, -43.433773, 147.458527, -64.96,  7020.00, 144, 0, 0.00, 1
2016/01/11, 10:45:12, -43.433083, 147.455551, -11.50,  5112.00, 309, 0, 252.25, 1
2016/01/11, 10:47:08, -43.432800, 147.454590, 6.21,  1584.00, 315, 0, 83.74, 1
2016/01/11, 10:49:14, -43.432316, 147.453903, 3.31,  1980.00, 45, 0, 77.29, 1
2016/01/11, 10:52:05, -43.431583, 147.453354, -4.90,  2376.00, 320, 0, 92.78, 1
2016/01/11, 10:55:01, -43.430805, 147.452484, 0.21,  2016.00, 0, 0, 111.44, 1
2016/01/11, 10:57:31, -43.430218, 147.451981, 5.69,  0.00, 302, 0, 76.88, 1
2016/01/11, 10:59:05, -43.429855, 147.451614, 4.74,  3600.00, 338, 0, 50.08, 1
2016/01/11, 11:00:38, -43.429417, 147.451004, 5.84,  4140.00, 324, 0, 69.27, 1
2016/01/11, 11:02:12, -43.429092, 147.450394, 2.61,  0.00, 343, 0, 61.09, 1
2016/01/11, 11:03:45, -43.428806, 147.449722, 10.75,  0.00, 336, 0, 62.90, 
2016/01/11, 11:05:19, -43.428478, 147.449020, 5.19,  0.00, 327, 0, 67.41, 
2016/01/11, 11:06:52, -43.428116, 147.448349, -1.47,  0.00, 283, 0, 67.50, 
2016/01/11, 11:08:25, -43.427845, 147.447678, -9.83,  0.00, 312, 0, 62.00, 
2016/01/11, 11:09:59, -43.427563, 147.447052, -4.91,  0.00, 312, 0, 59.49, 
2016/01/11, 11:11:44, -43.427223, 147.446381, 4.16,  2412.00, 297, 0, 66.07, 1
2016/01/11, 11:13:29, -43.427044, 147.445114, -11.05,  0.00, 248, 0, 104.23, 1
2016/01/11, 11:15:02, -43.426468, 147.443893, 2.92,  0.00, 319, 0, 117.58, 
2016/01/11, 11:16:36, -43.426243, 147.443375, 5.47,  0.00, 311, 0, 48.74, 
2016/01/11, 11:18:09, -43.425922, 147.442917, 0.34,  0.00, 262, 0, 51.40, 
2016/01/11, 11:19:50, -43.425392, 147.441818, -1.34,  11124.00, 233, 0, 106.54, 1
2016/01/11, 11:21:23, -43.425137, 147.441940, 34.47,  0.00, 53, 0, 30.02, 1
2016/01/11, 11:23:04, -43.425137, 147.441940, 34.47,  0.00, 53, 0, 0.00, 
2016/01/11, 11:24:37, -43.425034, 147.442032, 3.30,  0.00, 16, 0, 13.65, 
2016/01/11, 11:26:10, -43.424519, 147.441757, 4.50,  0.00, 0, 0, 61.42, 
2016/01/11, 11:27:43, -43.424004, 147.441437, 5.34,  1152.00, 7, 0, 62.83, 1
2016/01/11, 11:29:16, -43.423508, 147.441223, 1.05,  0.00, 291, 0, 57.80, 1
2016/01/11, 11:30:50, -43.423222, 147.441086, 4.77,  5112.00, 325, 0, 33.67, 
2016/01/11, 11:32:23, -43.422958, 147.440903, 3.72,  0.00, 0, 0, 32.87, 
2016/01/11, 11:33:57, -43.422737, 147.440704, 4.00,  1764.00, 5, 0, 29.36, 1
2016/01/11, 11:35:31, -43.422512, 147.440552, 5.22,  0.00, 0, 0, 27.87, 1
2016/01/11, 11:37:04, -43.422314, 147.440338, 4.84,  0.00, 216, 0, 27.99, 
2016/01/11, 11:38:37, -43.422077, 147.440247, 9.47,  0.00, 0, 0, 27.36, 
2016/01/11, 11:40:10, -43.421829, 147.440094, -1.93,  0.00, 0, 0, 30.22, 
2016/01/11, 11:41:44, -43.421612, 147.439926, 3.20,  0.00, 10, 0, 27.68, 
2016/01/11, 11:43:18, -43.421394, 147.439896, 3.62,  0.00, 46, 0, 24.36, 
2016/01/11, 11:44:51, -43.421181, 147.439743, 1.95,  180.00, 40, 0, 26.71, 1
2016/01/11, 11:46:25, -43.420990, 147.439713, 6.17,  0.00, 0, 0, 21.38, 1
2016/01/11, 11:47:59, -43.420769, 147.439621, 1.38,  0.00, 350, 0, 25.67, 
2016/01/11, 11:49:33, -43.420570, 147.439545, -3.28,  900.00, 351, 0, 22.96, 
2016/01/11, 11:51:07, -43.420364, 147.439423, -1.29,  1224.00, 14, 0, 24.94, 1
2016/01/11, 11:52:40, -43.420151, 147.439301, -1.72,  0.00, 58, 0, 25.65, 1
2016/01/11, 11:54:14, -43.419933, 147.439072, 0.53,  0.00, 4, 0, 30.49, 
2016/01/11, 11:55:48, -43.419735, 147.438782, -0.78,  1152.00, 265, 0, 32.15, 1
2016/01/11, 11:57:22, -43.419525, 147.438538, 1.35,  1476.00, 329, 0, 30.56, 1
2016/01/11, 11:58:56, -43.419357, 147.438309, 3.70,  0.00, 233, 0, 26.29, 
2016/01/11, 12:00:30, -43.419193, 147.438034, 5.98,  0.00, 327, 0, 28.74, 
2016/01/11, 12:02:04, -43.419029, 147.437759, 4.20,  0.00, 0, 0, 28.74, 
2016/01/11, 12:03:38, -43.418808, 147.437500, -1.92,  0.00, 263, 0, 32.27, 
2016/01/11, 12:05:12, -43.418690, 147.437241, -1.22,  252.00, 327, 0, 24.69, 1
2016/01/11, 12:06:45, -43.418430, 147.437103, 11.22,  0.00, 0, 0, 30.98, 1
2016/01/11, 12:08:19, -43.418232, 147.436981, 1.38,  1620.00, 46, 0, 24.12, 
2016/01/11, 12:09:53, -43.418152, 147.436584, 6.20,  0.00, 0, 0, 33.28, 
2016/01/11, 12:11:27, -43.417999, 147.436295, -1.01,  0.00, 0, 0, 28.88, 
2016/01/11, 12:13:00, -43.417721, 147.436096, 4.05,  0.00, 325, 0, 34.84, 
2016/01/11, 12:14:34, -43.417606, 147.435776, 4.30,  0.00, 209, 0, 28.84, 
2016/01/11, 12:16:08, -43.417408, 147.435547, 0.23,  0.00, 0, 0, 28.75, 
2016/01/11, 12:17:42, -43.417206, 147.435364, 4.79,  1368.00, 341, 0, 26.89, 1
2016/01/11, 12:19:16, -43.416996, 147.435287, 1.80,  1188.00, 238, 0, 24.16, 1
2016/01/11, 12:20:50, -43.416679, 147.435333, 2.70,  0.00, 27, 0, 35.44, 
2016/01/11, 12:22:24, -43.416332, 147.435425, 1.70,  1188.00, 36, 0, 39.29, 1
2016/01/11, 12:23:57, -43.416031, 147.435425, 1.00,  0.00, 302, 0, 33.47, 1
2016/01/11, 12:25:31, -43.415695, 147.435425, -1.34,  0.00, 0, 0, 37.36, 
2016/01/11, 12:27:05, -43.415264, 147.435410, 2.82,  1224.00, 243, 0, 47.94, 1
2016/01/11, 12:28:38, -43.414829, 147.435593, 4.48,  0.00, 356, 0, 50.58, 1
2016/01/11, 12:30:11, -43.414574, 147.435913, -8.15,  0.00, 0, 0, 38.37, 
2016/01/11, 12:31:45, -43.414177, 147.436111, 0.95,  432.00, 21, 0, 46.95, 1
2016/01/11, 12:33:19, -43.413940, 147.436310, -2.96,  1512.00, 5, 0, 30.87, 1
2016/01/11, 12:34:53, -43.413700, 147.436462, 1.91,  0.00, 9, 0, 29.38, 
2016/01/11, 12:36:27, -43.413410, 147.436676, 3.97,  0.00, 108, 0, 36.59, 
2016/01/11, 12:38:00, -43.413357, 147.436829, -15.83,  6732.00, 345, 0, 13.69, 1
2016/01/11, 12:39:34, -43.412704, 147.437180, 5.37,  1584.00, 38, 0, 77.95, 1
2016/01/11, 12:41:07, -43.412308, 147.437515, 4.08,  0.00, 24, 0, 51.68, 1
2016/01/11, 12:42:41, -43.411854, 147.437912, 8.26,  288.00, 79, 0, 59.81, 1
2016/01/11, 12:44:16, -43.411751, 147.438324, -8.25,  720.00, 90, 0, 35.20, 1
2016/01/11, 12:45:50, -43.411552, 147.438965, 13.77,  2664.00, 169, 0, 56.31, 1
2016/01/11, 12:47:23, -43.411549, 147.439270, 17.94,  0.00, 0, 0, 24.64, 1
2016/01/11, 12:48:57, -43.411335, 147.439590, -4.54,  2340.00, 160, 0, 35.13, 
2016/01/11, 12:50:31, -43.411076, 147.439743, 5.83,  2484.00, 14, 0, 31.34, 1
2016/01/11, 12:52:10, -43.410908, 147.439957, -4.05,  0.00, 147, 0, 25.45, 1
2016/01/11, 12:53:45, -43.410614, 147.439850, 23.55,  360.00, 239, 0, 33.81, 
2016/01/11, 12:55:20, -43.410393, 147.439819, 7.51,  3420.00, 0, 0, 24.70, 1
2016/01/11, 12:56:55, -43.410091, 147.439697, 26.50,  540.00, 191, 0, 35.00, 1
2016/01/11, 12:58:30, -43.409981, 147.439697, -2.04,  576.00, 189, 0, 12.23, 
2016/01/11, 13:02:02, -43.409489, 147.439621, -1.31,  1080.00, 87, 0, 55.05, 1
2016/01/11, 13:05:18, -43.409065, 147.439316, -10.02,  2844.00, 204, 0, 53.20, 1
2016/01/11, 13:06:56, -43.408867, 147.439331, -5.56,  504.00, 351, 0, 22.05, 
2016/01/11, 13:08:32, -43.408684, 147.439316, 16.88,  2520.00, 96, 0, 20.38, 
2016/01/11, 13:10:05, -43.408539, 147.439331, 2.04,  1260.00, 303, 0, 16.17, 1
2016/01/11, 13:11:39, -43.408268, 147.439377, 1.14,  1152.00, 9, 0, 30.36, 1
2016/01/11, 13:13:12, -43.408081, 147.439499, 2.37,  1584.00, 14, 0, 23.01, 
2016/01/11, 13:14:47, -43.407848, 147.439575, -0.09,  0.00, 323, 0, 26.63, 
2016/01/11, 13:16:21, -43.407597, 147.439636, 1.33,  324.00, 77, 0, 28.34, 1
2016/01/11, 13:17:55, -43.407368, 147.439667, 5.63,  1440.00, 355, 0, 25.59, 1
2016/01/11, 13:19:30, -43.407169, 147.439835, 3.29,  252.00, 14, 0, 25.96, 
2016/01/11, 13:21:06, -43.406921, 147.439850, 6.73,  972.00, 10, 0, 27.60, 1
2016/01/11, 13:22:40, -43.406731, 147.439941, 8.82,  1728.00, 59, 0, 22.37, 1
2016/01/11, 13:24:15, -43.406509, 147.439957, 2.13,  504.00, 339, 0, 24.72, 
2016/01/11, 13:25:50, -43.406292, 147.439835, 13.99,  0.00, 91, 0, 26.06, 
2016/01/11, 13:27:24, -43.406010, 147.439865, 22.16,  0.00, 17, 0, 31.45, 
2016/01/11, 13:28:58, -43.405819, 147.439850, -1.44,  720.00, 312, 0, 21.27, 1
2016/01/11, 13:30:32, -43.405617, 147.439789, -1.60,  0.00, 0, 0, 23.00, 1
2016/01/11, 13:32:06, -43.405434, 147.439789, -0.89,  900.00, 351, 0, 20.35, 
2016/01/11, 13:33:43, -43.405231, 147.439606, 3.66,  900.00, 13, 0, 26.98, 
2016/01/11, 13:35:18, -43.405102, 147.439438, 5.20,  2772.00, 202, 0, 19.75, 1
2016/01/11, 13:36:55, -43.404877, 147.439224, 6.37,  1152.00, 188, 0, 30.41, 1
2016/01/11, 13:38:29, -43.404617, 147.439148, -0.57,  0.00, 0, 0, 29.56, 
2016/01/11, 13:40:02, -43.404461, 147.438919, 2.87,  0.00, 127, 0, 25.36, 
2016/01/11, 13:41:38, -43.404335, 147.438705, 1.37,  2160.00, 69, 0, 22.25, 1
2016/01/11, 13:43:16, -43.404194, 147.438507, 1.28,  576.00, 282, 0, 22.40, 1
2016/01/11, 13:44:49, -43.404060, 147.438309, 6.18,  1080.00, 116, 0, 21.86, 
2016/01/11, 13:46:25, -43.403927, 147.438110, 7.45,  612.00, 0, 0, 21.84, 
2016/01/11, 13:48:01, -43.403812, 147.437897, -0.68,  864.00, 0, 0, 21.44, 1
2016/01/11, 13:49:36, -43.403690, 147.437714, 8.18,  1944.00, 319, 0, 20.06, 1
2016/01/11, 13:51:08, -43.403805, 147.437347, 22.93,  1116.00, 0, 0, 32.29, 
2016/01/11, 13:52:42, -43.403908, 147.437103, 0.64,  2484.00, 233, 0, 22.80, 1
2016/01/11, 13:54:16, -43.403744, 147.436722, 0.33,  1008.00, 289, 0, 35.78, 1
2016/01/11, 13:55:51, -43.403484, 147.436310, 5.47,  1296.00, 7, 0, 44.09, 
2016/01/11, 13:57:27, -43.403305, 147.435928, 0.96,  1584.00, 274, 0, 36.72, 1
2016/01/11, 13:59:02, -43.403107, 147.435577, -3.98,  360.00, 0, 0, 35.90, 1
2016/01/11, 14:00:36, -43.402912, 147.435196, -1.98,  0.00, 339, 0, 37.65, 
2016/01/11, 14:02:11, -43.402798, 147.434784, 7.34,  1116.00, 33, 0, 35.62, 1
2016/01/11, 14:03:44, -43.402676, 147.434433, 2.10,  1008.00, 337, 0, 31.43, 1
2016/01/11, 14:05:17, -43.402481, 147.434204, 7.35,  612.00, 0, 0, 28.50, 
2016/01/11, 14:06:52, -43.402332, 147.433807, -2.67,  1800.00, 357, 0, 36.10, 1
2016/01/11, 14:08:27, -43.402210, 147.433472, 17.44,  0.00, 41, 0, 30.27, 1
2016/01/11, 14:10:03, -43.402065, 147.433167, 10.22,  1620.00, 234, 0, 29.45, 
2016/01/11, 14:11:36, -43.401989, 147.432816, 9.96,  792.00, 248, 0, 29.59, 1
2016/01/11, 14:13:11, -43.401890, 147.432556, 15.80,  2736.00, 256, 0, 23.71, 1
2016/01/11, 14:14:44, -43.401722, 147.432190, -8.08,  2268.00, 281, 0, 34.98, 
2016/01/11, 14:16:18, -43.401604, 147.431961, -5.57,  0.00, 228, 0, 22.68, 
2016/01/11, 14:17:51, -43.401409, 147.431747, 8.12,  1548.00, 127, 0, 27.73, 1
2016/01/11, 14:19:25, -43.401253, 147.431595, 4.26,  0.00, 0, 0, 21.25, 1
2016/01/11, 14:20:58, -43.401123, 147.431580, 10.67,  396.00, 5, 0, 14.51, 
2016/01/11, 14:22:32, -43.401005, 147.431595, 7.06,  2340.00, 330, 0, 13.18, 
2016/01/11, 14:24:07, -43.400974, 147.431610, 6.43,  648.00, 321, 0, 3.65, 
2016/01/11, 14:25:48, -43.400974, 147.431610, 6.43,  648.00, 321, 0, 0.00, 
2016/01/11, 14:27:32, -43.401535, 147.431259, -14.40,  2700.00, 126, 0, 68.52, 
2016/01/11, 14:29:14, -43.402176, 147.429382, -10.97,  0.00, 0, 0, 167.56, 
2016/01/11, 14:30:46, -43.402401, 147.428894, 6.77,  2700.00, 274, 0, 46.69, 1
2016/01/11, 14:32:19, -43.403038, 147.428345, 5.98,  0.00, 273, 0, 83.57, 1
2016/01/11, 14:35:41, -43.403038, 147.428345, 5.98,  0.00, 273, 0, 0.00, 
2016/01/11, 14:37:22, -43.404518, 147.425110, 0.76,  2628.00, 237, 0, 308.84, 
2016/01/11, 14:40:44, -43.404518, 147.425110, 0.76,  2628.00, 237, 0, 0.00, 1
2016/01/11, 14:42:18, -43.406734, 147.423309, 6.20,  0.00, 169, 0, 286.16, 1
2016/01/11, 14:43:59, -43.406734, 147.423309, 6.20,  0.00, 169, 0, 0.00, 
2016/01/11, 14:45:34, -43.407478, 147.422470, 1.56,  0.00, 193, 0, 106.95, 
2016/01/11, 14:50:38, -43.407478, 147.422470, 1.56,  0.00, 193, 0, 0.00, 
2016/01/11, 14:52:12, -43.409969, 147.420486, 11.12,  936.00, 265, 0, 320.01, 
2016/01/11, 15:00:38, -43.409969, 147.420486, 11.12,  936.00, 265, 0, 0.00, 1
2016/01/11, 15:02:13, -43.414082, 147.421249, 2.15,  0.00, 82, 0, 461.48, 1
2016/01/11, 15:03:54, -43.414082, 147.421249, 2.15,  0.00, 82, 0, 0.00, 
2016/01/11, 15:05:29, -43.414352, 147.422058, 1.27,  0.00, 170, 0, 71.91, 
2016/01/11, 15:07:03, -43.414799, 147.422089, 1.71,  0.00, 55, 0, 49.77, 
2016/01/11, 15:08:44, -43.414799, 147.422089, 1.71,  0.00, 55, 0, 0.00, 
2016/01/11, 15:10:19, -43.414822, 147.422302, 7.60,  0.00, 0, 0, 17.39, 
2016/01/11, 15:12:12, -43.414730, 147.422501, -0.68,  684.00, 332, 0, 19.05, 
2016/01/11, 15:14:08, -43.414539, 147.422638, -1.88,  1872.00, 34, 0, 23.95, 
2016/01/11, 15:15:55, -43.414341, 147.422684, -2.33,  576.00, 7, 0, 22.33, 
2016/01/11, 15:17:57, -43.414101, 147.422546, -0.21,  612.00, 351, 0, 28.92, 
2016/01/11, 15:20:08, -43.413784, 147.422470, -0.70,  864.00, 339, 0, 35.78, 1
2016/01/11, 15:22:31, -43.413376, 147.422302, 1.31,  2556.00, 350, 0, 47.35, 1
2016/01/11, 15:24:33, -43.413097, 147.422119, -2.84,  1656.00, 72, 0, 34.36, 
2016/01/11, 15:26:07, -43.412857, 147.421936, -1.00,  0.00, 0, 0, 30.51, 
2016/01/11, 15:27:41, -43.412537, 147.421829, -0.17,  1512.00, 326, 0, 36.62, 1
2016/01/11, 15:29:15, -43.412189, 147.421677, 1.76,  0.00, 308, 0, 40.60, 1
2016/01/11, 15:30:49, -43.411919, 147.421494, 4.16,  0.00, 254, 0, 33.46, 
2016/01/11, 15:32:23, -43.411682, 147.421524, 0.75,  0.00, 167, 0, 26.46, 
2016/01/11, 15:33:57, -43.411465, 147.421463, 4.18,  0.00, 354, 0, 24.63, 
2016/01/11, 15:35:31, -43.411304, 147.421356, -2.02,  0.00, 0, 0, 19.88, 
2016/01/11, 15:37:05, -43.411087, 147.421127, -1.04,  3420.00, 296, 0, 30.40, 1
2016/01/11, 15:38:39, -43.410934, 147.420868, 4.29,  0.00, 0, 0, 26.97, 1
2016/01/11, 15:40:13, -43.410789, 147.420654, -6.23,  0.00, 0, 0, 23.64, 
2016/01/11, 15:41:46, -43.410702, 147.420517, 1.18,  2772.00, 299, 0, 14.70, 
2016/01/11, 15:43:19, -43.410614, 147.420303, 1.19,  2916.00, 271, 0, 19.86, 1
2016/01/11, 15:44:54, -43.410496, 147.420074, -1.57,  0.00, 357, 0, 22.68, 1
2016/01/11, 15:46:28, -43.410374, 147.419785, 3.21,  0.00, 0, 0, 27.00, 
2016/01/11, 15:48:03, -43.410271, 147.419525, -1.35,  0.00, 214, 0, 23.92, 
2016/01/11, 15:49:37, -43.410107, 147.419296, 3.16,  0.00, 199, 0, 25.98, 
2016/01/11, 15:51:11, -43.410065, 147.419052, 1.24,  0.00, 21, 0, 20.26, 
2016/01/11, 15:52:45, -43.409973, 147.418762, -5.62,  1584.00, 237, 0, 25.56, 1
2016/01/11, 15:54:19, -43.409870, 147.418732, -0.17,  0.00, 153, 0, 11.71, 1
2016/01/11, 15:55:52, -43.409756, 147.418610, 10.00,  0.00, 0, 0, 16.06, 
2016/01/11, 15:57:27, -43.409645, 147.418396, -2.66,  0.00, 358, 0, 21.24, 
2016/01/11, 15:59:02, -43.409492, 147.418137, 7.59,  0.00, 70, 0, 26.97, 
2016/01/11, 16:00:36, -43.409397, 147.417969, -1.44,  1188.00, 246, 0, 17.20, 1
2016/01/11, 16:02:10, -43.409264, 147.417679, 3.30,  0.00, 290, 0, 27.70, 1
2016/01/11, 16:03:44, -43.409119, 147.417480, 4.39,  0.00, 0, 0, 22.77, 
2016/01/11, 16:05:18, -43.409176, 147.417496, 1.64,  2124.00, 110, 0, 6.47, 
2016/01/11, 16:06:52, -43.409176, 147.417542, 2.45,  0.00, 0, 0, 3.72, 
2016/01/11, 16:08:26, -43.409191, 147.417694, 7.14,  0.00, 137, 0, 12.39, 
2016/01/11, 16:10:00, -43.409325, 147.417831, -0.25,  0.00, 0, 0, 18.56, 
2016/01/11, 16:11:33, -43.409340, 147.417999, 6.96,  0.00, 0, 0, 13.67, 
2016/01/11, 16:13:07, -43.409328, 147.418076, 2.74,  1044.00, 122, 0, 6.36, 
2016/01/11, 16:14:40, -43.409443, 147.418396, -5.25,  0.00, 15, 0, 28.84, 
2016/01/11, 16:16:13, -43.409527, 147.418777, 5.47,  0.00, 0, 0, 32.16, 
2016/01/11, 16:17:46, -43.409729, 147.419296, 5.64,  3672.00, 205, 0, 47.56, 1
2016/01/11, 16:19:21, -43.410057, 147.419907, 1.63,  0.00, 0, 0, 61.37, 1
2016/01/11, 16:20:55, -43.410484, 147.420227, 0.79,  0.00, 28, 0, 54.06, 
2016/01/11, 16:22:37, -43.411282, 147.420044, -19.34,  3240.00, 204, 0, 89.96, 1
2016/01/11, 16:24:11, -43.412117, 147.420288, 2.82,  4860.00, 119, 0, 94.92, 1
2016/01/11, 16:25:53, -43.412880, 147.420319, -11.40,  4068.00, 151, 0, 84.88, 1
2016/01/11, 16:27:35, -43.412880, 147.420319, -11.40,  4068.00, 151, 0, 0.00, 1
2016/01/11, 16:29:10, -43.414658, 147.419464, -18.97,  0.00, 107, 0, 209.42, 
2016/01/11, 16:30:51, -43.414658, 147.419464, -18.97,  0.00, 107, 0, 0.00, 
2016/01/11, 16:32:28, -43.416248, 147.418518, -4.29,  2124.00, 145, 0, 192.60, 1
2016/01/11, 16:44:16, -43.416248, 147.418518, -4.29,  2124.00, 145, 0, 0.00, 
2016/01/11, 16:46:00, -43.419575, 147.412872, -1.65,  1944.00, 262, 0, 587.20, 1
2016/01/11, 16:47:36, -43.419582, 147.411774, -6.22,  0.00, 308, 0, 88.68, 1
2016/01/11, 16:49:17, -43.419582, 147.411774, -6.22,  0.00, 308, 0, 0.00, 
2016/01/11, 16:50:50, -43.418667, 147.409897, 49.27,  3672.00, 168, 0, 182.57, 1
2016/01/11, 16:52:26, -43.418236, 147.408295, -53.93,  0.00, 283, 0, 137.98, 1
2016/01/11, 16:54:13, -43.417686, 147.407776, -64.15,  5148.00, 304, 0, 74.14, 1
2016/01/11, 16:55:57, -43.416882, 147.406601, 4.77,  5148.00, 271, 0, 130.38, 1
2016/01/11, 16:57:40, -43.415813, 147.405823, 38.38,  0.00, 0, 0, 134.46, 1
2016/01/11, 16:59:22, -43.415180, 147.405334, 47.29,  0.00, 0, 0, 80.71, 
2016/01/11, 20:25:39, -43.415180, 147.405334, 47.29,  0.00, 0, 0, 0.00, 
2016/01/11, 20:28:04, -43.300640, 147.369110, 2.14,  3384.00, 320, 0, 13068.64, 
2016/01/11, 20:29:38, -43.300415, 147.368500, -1.27,  2232.00, 307, 0, 55.34, 1
2016/01/11, 20:31:12, -43.299858, 147.367828, -18.10,  1800.00, 278, 0, 82.42, 1
2016/01/11, 20:32:48, -43.299110, 147.367004, -6.98,  0.00, 271, 0, 106.60, 1
2016/01/11, 20:34:21, -43.298782, 147.366745, -4.98,  0.00, 0, 0, 42.07, 
2016/01/11, 20:35:54, -43.298237, 147.366348, 8.99,  0.00, 306, 0, 68.59, 
2016/01/11, 20:37:28, -43.297916, 147.365433, -0.35,  6264.00, 289, 0, 82.20, 1
2016/01/11, 20:39:01, -43.297745, 147.365387, 3.41,  1800.00, 45, 0, 19.38, 1
2016/01/11, 20:40:34, -43.297619, 147.365433, 3.41,  0.00, 0, 0, 14.50, 
2016/01/11, 20:42:08, -43.297504, 147.365417, -0.44,  540.00, 332, 0, 12.85, 
2016/01/11, 20:43:41, -43.297321, 147.365341, 3.19,  0.00, 52, 0, 21.26, 
2016/01/11, 20:45:15, -43.297211, 147.365295, 2.01,  0.00, 0, 0, 12.79, 
2016/01/11, 20:46:50, -43.297115, 147.365234, 0.85,  468.00, 302, 0, 11.76, 1
2016/01/11, 20:48:24, -43.296963, 147.365158, 0.25,  1044.00, 289, 0, 17.99, 1
2016/01/11, 20:50:05, -43.296963, 147.365158, 0.25,  1044.00, 289, 0, 0.00, 
2016/01/11, 20:51:50, -43.295826, 147.364319, -24.20,  4356.00, 65, 0, 143.51, 1
2016/01/11, 20:53:27, -43.294643, 147.363983, 3.44,  0.00, 16, 0, 134.32, 1
2016/01/11, 20:55:01, -43.294186, 147.363480, 3.02,  0.00, 0, 0, 65.11, 
2016/01/11, 20:56:33, -43.294014, 147.363373, 4.04,  1908.00, 271, 0, 20.99, 1
2016/01/11, 20:58:07, -43.293858, 147.363281, 1.26,  0.00, 108, 0, 18.88, 1
2016/01/11, 20:59:41, -43.293751, 147.363266, -0.30,  0.00, 259, 0, 11.96, 
2016/01/11, 21:01:15, -43.293152, 147.362885, -1.20,  0.00, 102, 0, 73.40, 
2016/01/11, 21:02:56, -43.292107, 147.362335, 1.84,  4968.00, 193, 0, 124.43, 1
2016/01/11, 21:04:32, -43.291210, 147.361801, 5.38,  0.00, 332, 0, 108.70, 1
2016/01/11, 21:06:08, -43.290462, 147.361450, 12.96,  0.00, 36, 0, 87.89, 
2016/01/11, 21:07:44, -43.289650, 147.360733, 1.76,  1116.00, 16, 0, 107.33, 1
2016/01/11, 21:09:19, -43.288773, 147.360275, 5.59,  1512.00, 19, 0, 104.33, 1
2016/01/11, 21:10:53, -43.288231, 147.359818, -1.46,  0.00, 0, 0, 70.71, 1
2016/01/11, 21:12:31, -43.287708, 147.359314, -36.18,  0.00, 347, 0, 71.04, 
2016/01/11, 21:14:04, -43.286602, 147.358826, -1.93,  1224.00, 288, 0, 129.17, 1
2016/01/11, 21:15:38, -43.285851, 147.358612, 3.32,  2664.00, 9, 0, 85.28, 1
2016/01/11, 21:17:10, -43.285446, 147.358353, 4.68,  3168.00, 321, 0, 49.67, 1
2016/01/11, 21:18:44, -43.285267, 147.358170, 9.50,  0.00, 38, 0, 24.81, 
2016/01/11, 21:20:19, -43.285004, 147.358109, 4.44,  1404.00, 15, 0, 29.66, 1
2016/01/11, 21:22:00, -43.284702, 147.357697, -0.29,  6444.00, 212, 0, 47.33, 1
2016/01/11, 21:23:40, -43.284004, 147.357300, 2.86,  1296.00, 340, 0, 84.00, 1
2016/01/11, 21:25:19, -43.283485, 147.357056, 5.19,  0.00, 352, 0, 61.00, 1
2016/01/11, 21:26:53, -43.282997, 147.356674, 0.82,  3528.00, 20, 0, 62.46, 1
2016/01/11, 21:28:27, -43.282543, 147.356216, 2.88,  0.00, 336, 0, 62.63, 1
2016/01/11, 21:30:08, -43.282227, 147.355972, 5.25,  0.00, 325, 0, 40.31, 
2016/01/11, 21:31:43, -43.281898, 147.355728, 8.25,  0.00, 1, 0, 41.57, 
2016/01/11, 21:33:25, -43.281548, 147.355408, -46.35,  2556.00, 352, 0, 46.75, 1
2016/01/11, 21:35:07, -43.280930, 147.354874, 48.87,  900.00, 276, 0, 81.18, 1
2016/01/11, 21:36:41, -43.280170, 147.354523, -2.90,  0.00, 0, 0, 89.16, 1
2016/01/11, 21:38:14, -43.279972, 147.354172, 2.13,  1728.00, 262, 0, 35.95, 
2016/01/11, 21:39:51, -43.279789, 147.353943, 6.84,  0.00, 321, 0, 27.53, 
2016/01/11, 21:41:35, -43.278595, 147.353653, -36.20,  3852.00, 327, 0, 134.83, 1
2016/01/11, 21:43:19, -43.277988, 147.353622, -16.91,  4032.00, 6, 0, 67.54, 1
2016/01/11, 21:44:52, -43.277473, 147.353653, 10.21,  1044.00, 231, 0, 57.32, 1
2016/01/11, 21:46:26, -43.277122, 147.353134, 7.25,  792.00, 349, 0, 57.35, 1
2016/01/11, 21:48:08, -43.277122, 147.353134, 7.25,  792.00, 349, 0, 0.00, 1
2016/01/11, 21:49:42, -43.276764, 147.352905, -1.26,  0.00, 354, 0, 43.91, 
2016/01/11, 21:51:15, -43.276566, 147.352722, -3.79,  0.00, 40, 0, 26.54, 
2016/01/11, 21:52:52, -43.276024, 147.352936, 4.45,  0.00, 331, 0, 62.71, 
2016/01/11, 21:54:25, -43.275299, 147.353027, -11.49,  0.00, 0, 0, 80.95, 
2016/01/11, 21:56:09, -43.274757, 147.352509, -10.11,  1728.00, 321, 0, 73.42, 
2016/01/11, 21:57:43, -43.274960, 147.351730, 35.02,  9972.00, 213, 0, 66.98, 1
2016/01/11, 21:59:27, -43.273384, 147.351898, 11.97,  11556.00, 148, 0, 175.77, 1
2016/01/11, 22:01:12, -43.272388, 147.351501, 5.77,  252.00, 336, 0, 115.32, 1
2016/01/11, 22:02:54, -43.271454, 147.350464, -31.50,  0.00, 0, 0, 133.55, 1